0,1,2,3,4,5,6,7,8,9,10,M
-2.3698367821852386,-0.019435849620858772,-0.431868656476719,0.4520997358528728,0.4615951157865837,0.3977967346406391,0.8880861353686037,-0.11514077871578053,0.19738567685334235,0.015028419860129283,0.7565759355276882,True
-2.434456543753374,-2.090506058047715,0.8741357768142815,1.3872835207759135,3.3620118342827436,0.7480091656194969,0.6975505384670988,0.8676047048160549,-0.8175170779524445,-0.03993882832255058,-0.006715120369296106,
1.5076108830174346,3.197408930644535,3.228360066111811,1.5552873465676302,0.6877924925808129,-0.3179864063810476,-0.27960863547843984,-1.0649238321971621,-0.24660326268803093,0.048592339317474566,-0.08250246862494333,True
-4.027767623871862,1.496797786272171,0.2503518914686664,0.027278078837012498,-0.5078614541344068,0.24662712611990528,-0.23721219026205834,-0.44093401216619094,-0.0045447048619781305,0.3270336511948161,0.12814519006251288,True
-1.5881445138261117,2.1183337670495783,-1.3348564424096243,0.5384178573818627,-0.4357889735400081,3.2323326236765917,0.44449645652113967,0.8490972636806785,0.4079049772657854,0.19136536024780004,0.32136531105181665,True
-3.0756247955863047,-0.1666228880076464,-0.2401662490432279,0.8189698544365149,-0.0004724299510533288,-0.005792617866092194,-0.07126588989344583,0.7204495804700374,-0.06662869170238722,0.1800134167420902,-0.05335663922169958,True
-3.5237754929476677,0.7110726059764507,0.17247389476127706,-0.04642661870277812,-0.16270902507530122,-0.4926084266489859,-0.5350535911997358,-0.08422554452363712,-0.5745172432573319,0.11975009237938482,0.06416740015969058,True
-0.5053849468032674,-1.106295460736924,2.2987883652963577,-1.0636334462798218,-0.943450603319093,-0.28555578637334095,0.8301651052509054,-0.037976307314417604,-0.675701227012864,-0.6087738661592219,-0.261684953979284,True
4.828960981226137,-2.4668614603717813,2.571712828432095,-1.668498128165889,-4.822499644659372,0.9488841810636613,-0.88431764641483,-0.5785551457161804,-0.4434815633636077,0.3044840675797657,-0.35866349926260543,True
8.036749254448447,-5.882922969771447,1.4705818435297533,-1.729028070867662,-4.051895783596249,2.318978611462288,4.467252460463094,-1.675959709220019,-0.9658437956987328,3.7983098132663176,-1.5155533630765425,True
-0.4224701448566425,0.5165483339951734,-2.715634434922857,0.5434799564600052,0.1586986674389638,-0.3458434819709449,0.36420156532456377,-0.0852342927759297,-0.10592145497549395,-0.05472610752254971,-0.5487169078085251,
-2.3147867248553458,-1.6568383893835479,-0.7055297432249641,0.4659208238013878,1.661629821313072,-0.3682850537900602,0.4002238976510039,-0.30345657450350133,0.1788704560670972,-0.1377333510044922,0.06327833596303496,True
2.122890332441076,0.4860354011818884,-1.006903841542539,1.6322476330817948,1.0109876585867987,-0.7656123288243694,0.05568488120869175,-0.4815508952519486,0.07790287537378245,-0.44446609004533644,-0.6210955983127248,
-2.4346532518900066,0.18847873040695134,0.1836952452035016,-0.823703976793623,0.36183860248237293,0.17041763421772638,0.10503131101079369,0.4434691577463942,0.15003052319048396,0.18583148138186578,0.35372823856603397,True
-0.5941272078029735,1.5718513065782675,-1.252573180816254,2.347714336146066,-0.35769069112314206,0.1933966095816493,0.6353680523689339,-0.15971578708953357,0.2626453750889456,0.3530874572215971,-0.3690431400721337,
-4.249850504361221,0.6470106400049056,0.5420894303641207,-0.7168027851686047,-0.10923311783480281,-0.07535225633196195,0.152725360500015,0.6744917683614244,-0.2121876335430635,-0.2306689559436808,-0.011372156109296941,
3.8875113508050823,0.5129228189941248,-0.7770941526218721,0.20818455010797693,0.4507131442738363,-1.029862302134228,0.054213560955617204,-0.40953899108775976,-0.305739549354188,0.5705443701464472,-0.16249343284502138,True
3.5694585064224897,1.8680159718297904,1.6596649535207098,0.8324754341986793,1.3456374672009208,2.461022337546026,0.17514543777440203,-0.7498269738381537,-1.325099725723987,-0.0662969981153089,0.2086520609771811,
-3.5944445407889303,-0.07750775412733522,0.5672337987904871,0.9740416133123964,0.1450712002494094,-0.2730084498031835,0.09317134306490814,0.21487296223560876,-0.28297117188362003,0.11899069630087994,0.19124265101995558,True
0.8697758683787986,-1.3241993652441133,0.1772121309577692,-0.02815475157637549,-2.2556766448324055,-1.0293738186571646,0.8438583813730336,-0.10782853915417039,-0.9163244361637484,-0.07363809342575887,0.40745313276528067,False
1.6008487885034945,1.968040251953696,1.8520613993590478,1.2051174710044472,-1.4262698407445282,-0.949766720890575,1.1290589005640288,0.4776419996704499,-0.7443750313587412,-0.2174569309008592,0.4984572620654728,False
-2.7285822135246636,0.08168397556106077,-0.8060577976831057,-0.5524519703804973,-0.026973952558682252,0.058088795910782136,0.20333809016256815,-0.8211231264480929,-0.11160201179906357,-0.2772200785799846,0.045082992818544214,
3.081875347823688,1.607618464791786,-2.355798690316069,-0.45835406506089565,0.5115762352657663,-0.8764062792409271,0.6386605753916647,-1.0433566066946818,0.18852458641207187,-0.41933853154853595,0.1852960070677401,True
2.7873624620807007,-1.2888849674318552,-1.299958853405187,0.9428442853864742,0.8567253207523442,-1.2377606572363375,-1.016863831410228,-0.23294234154524035,1.0783324092797621,-0.21717998689574697,0.14645990017172078,True
1.948108823248177,1.553322536455519,-0.766284820775472,-0.40962199008255773,0.39427192467016964,-0.5116254995311509,0.3188380172102445,-0.03784515108044472,0.5347201743914105,-0.6828374755524064,0.3518394573601973,True
-0.20939109015930354,-0.5184503368180633,-0.5655473648871595,0.23755686671316106,-0.06103883491377634,-0.592754138169595,-0.3062436450984377,-0.13545996056870743,-0.10741073158080174,-0.34073517372081735,-0.3279865496460869,True
-2.5206474815395126,0.629056148680357,0.7214966202872704,1.0669210377693163,-0.03643622032869276,0.5355502127227267,-0.041983500987713626,-0.4213616672963905,0.1677642976263473,-0.1502500945058817,0.33530483465081246,True
-2.291030562883475,-2.581396642922831,2.295846306969479,0.7324381744220764,0.6716790001301339,0.39247806116937795,0.31651446251140475,0.24480072769095063,-0.43336740426536463,0.031866365583038576,-0.8223085793795376,True
-1.239655409529337,-1.269369402396105,-1.2935792488559403,-0.2961779787288097,-0.3590942227190721,0.013870680249304258,-0.2529071683701137,-0.7333356206400574,-0.34931116772635823,0.6752644523813817,-0.16884390796245505,True
-2.5783303151567134,-1.3721572476681105,-0.028604718177424392,0.5658679078128007,0.3843930934559102,-1.76843449384152,0.0027254119328368573,-0.44993695997061356,-0.5560059608565897,0.016642217616494925,-0.5613646299986957,True
-1.9078976494132878,-0.16472214210833597,-0.8200464669803893,0.3021492517565742,-0.11847515734338482,0.8896857723230249,0.0917528798598088,-0.28442860655079377,0.6086589437265546,0.1473628833886193,0.2917840447665331,True
-1.0707397999140735,3.2707817275841937,-1.3334185371257552,-0.4345546815041777,-0.6071231102848758,0.4996194952490289,0.40015744920101287,0.06568600044934839,-0.08571294683075434,0.07686661762565418,0.07598969471441828,
-2.57205688259793,-4.127233209324022,-1.893390581154327,0.6340679366536391,2.0420173899503222,-0.8633067848367283,-1.262066862099251,0.1754002329399891,-0.20530620117116885,0.6740523885236458,-0.13267499269605557,True
-2.959596949388624,-2.13392786572212,1.0149395472033624,1.2379627334613912,0.19927577948675065,-2.3079274550268725,-1.1950103812688093,0.5013930974110565,-0.5044845846401858,0.3666785529183695,-0.10258891038069724,True
-1.0066147399766228,-0.5301169074879947,-2.154062660673945,-0.445095357199073,0.256170844109605,0.4401382989821029,-0.7142974124738077,-0.6009768080565115,0.22051255901621883,-0.3597682351991549,-0.22941730453093057,True
-3.1045579147788227,-1.1560835913560699,-0.9773769589602243,-1.30475748909068,1.3376466485540661,0.10190807139575903,0.7106170875086982,0.14334503653681402,0.0009379050270983174,0.06519920340768565,0.03162184678017997,True
-1.2700375539627944,2.1121605576260998,-0.6427195682426972,0.9162862794393178,-0.538956132828819,-0.637518399534781,0.4948585622864855,-0.08002859177066235,0.2907849057035863,0.11161274933054736,-0.31546634979819754,True
4.752949478341573,1.9193449387765156,0.19923178245145884,0.989078589860456,0.5350049548685163,0.23872190817528913,-0.4856342431154836,-0.07873605805000188,0.3052523714230984,0.6096356203288346,0.35744683688757106,
-0.9178170827897908,-0.2795590913197174,-1.9736086237061468,1.3483641622055837,-0.10825541835548734,-0.23020200483445072,0.06873179876796535,-0.08279458153804187,0.32155249157075794,0.2975110190189126,-0.16526557964156266,True
-1.565206731424329,1.2493032886077178,0.3575489712003592,1.140271027212007,-0.3194527418398776,0.5363923771164091,0.4632545147710401,-0.9070057611617809,0.28272130768284104,-0.30226676729271074,-0.13224305757228152,True
-0.7452798527394883,1.5916099500741874,0.6546447976067934,1.5914466815280088,-0.34505444776032507,-0.5757496160803787,0.25891074665056113,-0.23183648990841924,0.17320524773093773,0.2905393331539546,-0.5841231171104526,True
-1.6728936761707587,-1.5117655228638434,-1.2609703594027724,-1.3523911048077732,-1.4013917316348528,-0.26087424442815454,-1.4334117436173366,0.2131897871662533,0.25371721232831795,0.03724900337618658,-0.38253983281854814,True
-2.609777217491041,-1.5522319699581275,1.2784739377948422,0.4067599524140592,1.1366323393373927,-0.07496924175128432,0.4470815607954049,0.38060314377838156,-0.02754410306036295,-0.776402718796411,-1.5280309558315812,True
-1.614983365399947,0.7575296967885385,-1.148784269155319,-1.6508235190281215,-0.4000756277252319,0.6383551264145839,0.1251578365133821,0.6891578603097336,-0.39649936591057466,0.03231590892654582,-0.5746949540131925,True
-0.5273523152529527,-1.5534729521212398,-1.0051103403203863,-0.32562141760948354,1.9472372129434479,-0.3254213831021967,0.7597850660209378,-0.16012208714240753,-0.25463635779677674,-0.10300122090743342,-0.5052016440141409,True
2.6680497540601507,2.310484327784895,-0.5624701501536506,-0.4011060121189311,1.2996393258282763,-0.21105050903444167,0.24994917184589668,0.11233960651783874,-0.12623166412685335,0.3404322674862991,0.26231182893995547,
-4.050725880475976,-0.19814895048128275,0.40836050459916906,-0.6807563482637885,-0.86337884134068,-0.06180809943549112,-0.04440673779545946,0.19331392391309077,-0.6730177031659713,0.26368104828108374,0.4040935329888324,
-1.1792159601568268,-3.437090187927869,-0.5439917779534477,-0.4072406343272733,3.366587945663123,2.469812157654136,-1.147025268863861,-0.5375999629163477,1.3931737953940917,0.31456172487105466,-0.15952055106873536,True
0.755652434902533,2.71539940829723,-1.0014009444205585,-0.19148806667349139,0.0351699803079107,-0.14686789863258293,0.17936831736112743,-0.022965005405675667,0.13491085914104112,0.21989983648435701,0.012656662624119812,False
4.602154201984911,-0.813248996984896,-2.9562105024726244,1.5618630697154516,0.8462258304269373,0.5567368090150883,0.06719692705221382,-0.792390046945841,0.14677027672994625,-0.4019277445436454,-0.3307785166268738,False
-0.7136023526726364,-1.4183964056270688,-2.4115953530381824,-0.46004732305458,-1.6818274713174806,-0.3012144655757181,-0.8466307476915095,-0.08853869122704847,0.3284258240421787,-0.08602214515857388,0.18291454855040845,False
0.37758019321475345,-3.2799966688698943,0.37968265135973944,-0.6156473036161091,-0.09242640353244493,-0.8217043503568288,-0.43344619034731546,0.28746222608554906,-0.259648641454379,-0.28040042907090373,-0.290094212497922,False
6.189001823423677,0.9566834490399154,-0.7920884308097431,-1.04649623095565,-1.7354278525067761,-1.7346292390578009,-0.08527061532927069,1.1167416618162909,-0.3967647097021234,0.5678272689030602,0.4173599858142784,False
7.366674067670687,2.106374998631102,1.4832756788618848,-0.138972350440411,0.20182602070403638,-0.46258664531722526,1.387970184279339,-0.9633935142043843,-0.1054669493592472,-0.38621836147756955,0.2495935393996284,True
-3.122719492580156,0.3996969005727021,0.7362701059359243,0.5853616109426344,-0.9360680219996588,0.6604985707711761,0.34768499615187726,0.12768350073442394,-0.9140385423689807,0.6749948582061143,0.7194410415919543,True
-2.347977990424969,0.5384937286858108,-0.4561898734660785,-1.4430692807872283,0.42673591764605645,-0.10915938407398572,0.605657972861203,-0.13010823317039358,0.08486441085275614,-0.14184305083704235,-0.24276820759956355,False
-2.698646992121054,1.7323397515203218,3.7918683401749025,-0.1967011992377529,0.6466310888253753,-1.5367574460357247,-1.1275980513212853,-1.0384602544406918,1.0983344620747837,0.3112842730486009,-0.3415697453937644,True
-2.1307912921003553,-0.06619651666689988,-0.7828971544394948,0.290330248595434,0.5851527301800991,0.9618806854428825,-0.2886980885486763,0.5048251426369104,0.6655515228661057,-0.0807696361442652,-0.45201790665444375,True
-2.708572957497764,-1.2514286218609143,-2.0676671028322224,-1.3401635753706642,0.44782591739539684,0.16715891840276012,-0.17365094127887373,-0.15719388664852935,0.047945306536619936,-0.07914139126871195,-0.29445660595397555,False
-2.2857005410543945,2.4319739635701314,0.9174751101730921,0.8986868516588145,0.06952466725804857,-0.43600565644140826,0.08247896142468791,0.18993865808098093,0.16829506239742814,0.006658136105693096,0.0028319234669800615,False
3.4344173334372647,4.576208758354212,0.855652630819768,-0.7460661061923136,1.084424571951576,-1.2862051765159803,-0.23463118287392742,0.45437393810682936,0.3776371201224012,0.7415861867205297,-0.3038830961282417,False
2.5256789323583595,2.537375475819443,-1.0208936541515443,-0.4328206460742702,0.6896399363174847,0.05197700919691052,0.6524245815685564,-0.3428455221429696,-0.37184694954265823,-0.1817654328069365,0.2909986860003775,False
-3.9479481710293425,-0.9903731683116239,-0.3956203933528989,-0.4577829157711116,1.6095071767657616,0.49142197624152956,0.08927685168542629,-0.01133224103489939,0.11543159180546206,0.22802522021948127,0.7107451676611541,True
-1.8946462184352162,0.23053957256530172,-1.154644462145487,0.12134089703890148,0.047204433811548326,0.4116989845423598,0.6275791696125883,0.24383697728567252,-0.13546757260053482,0.3041334349236368,-0.2199738607403183,False
4.195013020800295,-7.167361848563908,-1.408674504473676,-0.5186756791575552,1.124097993913508,-3.4900462577038396,-0.5889752414590282,1.8006579065851207,0.26446309749474306,-0.3049869188528107,0.8248728918216615,
3.389094842169624,2.4995440002617766,0.0553686031924142,-0.29546835974492275,-0.10720271152400179,-1.4930850190114482,-0.2817171250857389,-0.49950363898782,-0.0709581486536787,-0.07610638040402966,0.28557961875724175,True
-2.0050659620023064,0.34648507051539207,0.7763583710848954,-0.9451807609127831,-2.6277328889028087,-0.18403313057338566,0.2511385167182828,-0.051255707472057405,-0.5804931506615928,0.05702688523398004,0.7643239925640538,
-0.39036254993822306,-0.9188020604912892,-1.3101809792448957,-0.5585073437546183,0.6853596643230965,0.9527515069026568,0.9813794049796074,0.8678698572798235,-0.39721418479365006,0.5770479138915439,0.08519500167502457,False
-4.838409992445339,0.2631716704203641,-0.264428572487436,-1.5705735009571844,-0.1563844568080227,0.788296912566447,0.0827168468577314,0.10718671861600824,0.16322233986234566,0.11884795172586612,0.05589389557319329,False
-2.5322081125860465,-2.8111034890207343,-2.5761464232003117,-0.7646601425768926,0.8404698872845514,-0.8612910373438222,0.6551077567650581,0.8416226303088793,-0.14026449118577236,0.9294231360782974,-0.16091343582835943,False
-4.092016359089343,-0.3467713201421157,-0.8544074519427882,-0.13773684548343987,0.18333341338495207,0.5675638292954772,-0.4925133655861462,0.08879654977875041,0.3363251873565154,0.3390334927263067,0.4142020729694184,True
2.8864163059900947,4.1425686480578765,1.6948622641916484,-2.5362848339291877,0.3305232874998303,0.05742033309236276,-0.3065064928200309,1.2988916507261736,-0.2182339477519063,0.148051873294416,-0.647730516121116,
-0.9638567472617364,-1.3302928052103251,0.2382300340531825,0.3390096557130656,-0.7818979697362115,-1.5337577707716874,0.6631786437129367,-0.5545681146707124,-0.416109617936192,-0.3349710246499963,0.5180460983899736,True
6.837130812046041,1.7780197451714308,1.0891493864193977,-1.0094344036690601,-0.2747483948311045,-0.34767198366483076,-0.2465537983669572,-0.6146663486239897,0.7796682603522977,-0.13090844286065875,-0.766409357840318,True
-1.2082962021961858,-0.012812092285862808,-0.9695122161712421,-1.8674046288194839,0.7707700784894854,-0.5521425180490611,-0.2062831867750393,-0.19237739206299292,-0.4205365518593473,-0.25050240809971486,-0.7583481194876004,False
2.0502964248615005,0.7525585444952451,2.5895651690394135,-0.6507456219664761,0.19475443456208466,1.4276582533240736,-0.033003657688504405,0.031879988384719345,0.7395233863658617,-0.85296862309302,0.38737383051254004,
-1.1305422867417123,-0.3337018264400632,-1.6167940153042224,-0.7792101631603613,-1.2545863887930797,1.0944492298986377,0.1824814764072538,0.7273084483476259,0.16040469837387433,-0.03957948639945679,0.5870113943761399,
4.219502340253938,-1.1196359999028516,-2.138241985821544,1.446485636195341,-0.8892778506869007,-0.6315463862281104,0.12161288020698327,-0.19827843281199742,0.21186830674262933,-0.045597669138417944,0.17232219921340003,True
-2.3711357126105517,-0.7877824358209407,-0.10366586245593665,-0.0024343637325545888,1.5793841560435584,1.227369918987877,0.6943537998541832,0.46236400916487513,0.22753425428811122,0.10283302267162027,-0.553773994852834,
-1.462332423593331,1.418675102775354,-0.08959073814617724,0.5525396176187191,0.13349599008908622,-0.4155367836429779,0.5099626565633681,0.03460583731762823,-0.05061636239052047,0.7396795372809258,-0.13783912394532033,False
-2.638556276697881,0.7089235176825174,-1.4136046709182095,-0.23269180073698298,-0.18172922459248234,0.9887598577524335,0.39640892568493846,-0.24598544735044667,0.3253156835313336,0.18277067663018054,-0.04289578629452453,False
-2.2204987658537982,0.8720007091577179,1.5864120696335344,0.16660436425026237,-0.5465017679872596,1.602075494476601,0.11224392994450987,0.134766147385496,0.518266738148004,-0.2486825633237244,-0.6602640056501619,False
-3.334466939756019,-0.12728316451774266,-1.3312682447409256,-1.2033194443208497,-0.18058506567962118,-0.40145912349635365,-0.1460263342441248,-0.0758391231271413,-0.16971512562970356,0.167732602479053,0.06734494498155681,True
-1.1876406403075752,-0.9736246221138042,-0.1433997661236955,0.9946408485161091,1.0343628287722515,0.0906141186573334,0.7608199034887879,0.31863945172624014,0.6118826747200448,-0.5851339318857146,0.2767601156532202,True
3.092490211426652,0.7519156812246031,-3.0607595181090512,0.5112955308588165,-0.6692968834350057,1.0712095655048217,-0.5073154720625359,0.5097267970133247,-0.2639807720849682,0.04707014182030932,0.5498501622311128,False
-4.998146141840352,0.6758285706635203,4.489241906720248,4.218065588314394,-0.22529060368909434,-1.0866313396851321,-1.4107176903137022,-0.5465550613900503,-2.1558746416865553,0.30171883180995007,0.7136132798487165,
2.1310731627948414,3.8467162493788334,0.34633601769842237,-0.29587501463834304,0.20037322141934147,-1.1461546554038253,0.7574312055391991,0.3359706498555323,-0.3533644693055136,0.507656206758944,-0.06156041823327136,True
-1.6359932251614644,0.9990948382875076,-0.6598064737325375,-1.9300505620558477,-0.04906656584412487,-0.9008096162858679,0.969792707885678,-0.15652102651492975,0.4064100104276397,-0.3819702059535533,0.0033302596304388113,True
-1.2838191633252218,-0.5006023574919062,-1.6044008547220094,-0.8353651046746882,-0.016924074585969496,-1.785989333165156,-0.25391477763658293,-0.6576520373074962,-0.6548482349814122,-0.04800131275831921,-0.2691408450504424,False
-3.335012216090238,0.8179322882030572,-0.27729627689682546,-0.4964950727070224,-1.4248525843247866,-0.20776821526268735,-0.42430292825609595,0.2118749576606562,-0.3969882632808968,-0.12256407622532854,-0.03327915764547294,
1.4975573112752694,4.516444650658246,1.7074902502188753,2.862686914890786,-0.8393373337481893,-0.8261169353791425,0.22964436664966445,1.2436696524874444,0.11249759849742581,0.060586519181915294,-0.44138740327779374,
-2.147738760257792,-0.7515174069051591,1.2589112876462534,2.2008179370120513,0.8306788012742794,0.8791329022289326,-0.4799103440021147,0.3632454581226475,0.6914588924927179,0.3278389260891298,0.39605746164349526,True
-3.1121267828000714,-0.28931863317030215,-0.4385144736291318,-0.38762060096889517,0.07831977549504988,0.6389425290017323,0.32995513101556667,0.32237632339671557,0.9443598726125378,-0.0011705521795847573,-0.08563847101407748,False
-2.402378500394255,0.3027064572465898,-0.6011341361123007,-0.3348452272556537,-0.49295613551501216,0.056349733494147715,-0.13715991791720317,-0.48153133863933223,0.07550843238709015,-0.02499893583125897,0.18663824026034811,False
4.440703095533814,0.4591760161113159,-3.0980831105932545,1.8258074821531687,-0.7532191041902515,0.8457978198505561,-0.23059407131153595,-0.3996048891316157,0.205298960763704,-0.7588824768315975,0.6701882027570659,True
-2.506476846595786,-2.958545567016307,1.7388601681437514,-1.201361325602915,1.2160284253551448,-1.4243116212786284,0.33782973182458464,0.4631552922275403,-0.8567246384694893,-0.7721970651400296,0.21270126345237184,True
-3.617813576662813,1.7609724283177033,0.7031635804737377,-1.2726768274847073,-1.061024445940637,-0.28161865155672944,-0.10210232151568394,-0.377122509589119,-0.4044777094402597,0.0569174128014218,0.4292263674436916,
0.015883701758722963,1.513692979700724,1.1642371437623455,-0.6847782324898073,0.3585628144919696,0.5774029534469184,0.02531361876590703,-0.27080124451822685,0.2497338984734753,-0.22693735976978183,0.3768215811105718,False
2.0374804061823735,1.1546592631124872,0.9055850137542819,-3.34618570729724,0.6401280036305147,-1.333158963819073,0.6042859747002997,0.4624352385850177,0.2329741100052891,0.37583040839397197,0.5673744736778981,False
-1.6240941827718738,-0.04792582855357021,0.5186515151315221,0.8254058726951782,0.8210506649894662,1.553595477991093,0.46919186440949096,-0.5578401648648058,-0.2164291925494781,0.037906794613809795,0.5835730583623928,True
8.036446305408651,1.9533270865515615,-2.1155583382482313,1.0610523309249844,-0.4676713889336466,0.7683985525266845,-1.406256141277643,0.2540718422825562,0.6630662225963876,-1.3011177123417483,0.11731841583857797,True
-1.171046933647748,-2.588811177734029,1.8529189208483827,1.7029696101306522,2.721336099672616,-1.1004037184052697,0.8618923432016935,0.4273111372678612,-1.1436758373157483,0.33594362051039534,0.4686169788084733,False
6.40498262660775,-2.1365734571991495,-4.7007747006761,2.3956387126385272,-0.8405062434310975,-0.8116443034695422,0.4786060345843319,0.04286912429549792,-0.982725826799834,-0.15332443514141858,0.7558727457195729,
-4.068411148629852,-0.32699920810199273,0.06480551539597414,1.5086907691337816,-0.5346421527201498,-0.2533172202063399,-0.7535868751802417,-0.1124884245043024,0.49848419954809553,0.21495322266916117,-0.14613900180143122,
4.359031635714474,-0.9655745145155411,0.26169162324809575,-1.1675727547223635,-0.6673601284358256,0.7525066843004147,1.18591766097523,-0.21123618670261426,-0.04704113604072492,-0.7398790476044207,0.21634001634660688,False
3.9471739553181258,-1.94485831315438,-3.4229611455316413,0.234315159113687,0.5182122771157327,-0.4177795844361701,-0.3618843724914926,0.0008710524023439121,-0.48649202473449554,0.25273904370848466,-0.07862564765650208,True
0.37239420554453384,0.8756641940223354,0.33951920294935045,-0.5498405524915962,0.6115563199713416,-0.190591112992998,-0.6086254098876053,-0.02307244639379695,0.19132787842814056,0.4994793089388292,0.19149496859383164,False
2.127917271386095,-1.0881914532295256,1.5851586499701884,-0.35127942902159387,1.4977474254018206,-0.038368249488340195,0.13206658963950052,0.6799846676636846,-0.6944024222030917,0.2691443273873725,-1.024969258665502,
-1.0622328240109078,-0.06530378922934568,-0.20912009582134514,0.695677886059002,0.4966098826010966,-0.5522717064864319,0.1408877222815947,-0.45536204216548276,0.7692528102440296,-0.18642773604976914,0.4412234627560739,
-1.6552884870933728,0.3871301653943896,0.13230662153676026,1.7367405036001693,-0.15186829691958847,-0.6912185557925417,0.6352001911014762,0.05405464732130871,-0.0319967265907673,0.4250161098663553,-0.22678445527001959,False
-4.216328103133176,-0.09740493513102973,0.629134361614653,0.1809685000374559,0.6099104505512285,0.8232744824904612,-0.5240428424503918,0.31190943498543416,-0.13524180052166335,0.09295980802620567,-0.0101043102599777,False
10.79940088350075,-2.0532039639945796,4.916962948208251,-2.04258189666055,4.5983875947429595,-1.1734154795076384,0.1187198685011494,1.009101677055632,-0.7780796061236345,0.463644099459878,2.206883709036925,False
0.02907067319581142,0.4309255462458023,-2.4309342838292207,-2.4590420620776423,-0.2289844000614247,-1.0086334882562986,0.46525434337586535,-0.49952642225054245,-0.476153638950148,-0.09520076430092414,0.3938732306454678,False
5.60558104811176,-1.3045600871501046,-1.8085095196247396,-1.7250378135895563,0.5643538668956397,2.962458324576898,0.853159694220931,-0.24461355633927942,-0.3270097685446972,-0.9101397431937387,0.32183943206064186,
-2.298222950864244,0.16978242330129437,-1.8340097005635698,-1.6522042092164118,-1.0724608181157267,-0.8116543430117789,-0.6403135532685388,0.3494292914382999,-0.7155167088695409,-0.015339977052986132,-0.49497839072014754,False
1.7511786254987811,2.3312817492634115,-0.6731514565955374,-0.7174154058808562,-0.29736662270748127,-1.0396439495373764,-0.5924504327486465,-0.12891081493450185,0.2059100931541185,-0.018631621884975136,0.11408843432987568,False
-2.232466135845702,-0.564197445839964,-2.676867632134063,-1.396433519719472,-0.1913349712508456,-0.40990523710014726,0.4752757633563007,0.19039783455573847,-0.3484352032880575,0.3722138902539726,0.4303082874024076,False
2.4234148897121948,-1.0125259058838212,-1.8926850103264508,-0.3110680564944456,-0.279182865662751,0.13945293090976343,0.10851648330724396,-0.133476657153626,-0.6106469493277775,-0.27272110783799974,0.24691995532778876,True
3.469423880053132,2.3193171831092467,-0.5151717101428709,-0.11767951097802228,0.30745789312707106,-0.3983898797827649,-0.1272046647123218,-0.4706421785075032,-0.969652895283641,0.6221013015195601,0.3588897680073662,
-2.8727036901366567,1.3281449152957112,-0.32732286210623646,-0.4172063990006947,-1.2113336706548428,-0.631709866745735,0.6799504655043783,0.33578788651809516,-0.0728940446524446,-0.1637220977023435,0.25042093338794463,True
-1.915996402226278,0.7543983395758592,1.5730890008020921,2.386871605171089,-1.0232806858206946,-0.5141934725585497,1.0081229359078665,0.4224349763791743,0.4033247527498434,0.09310378556752098,-0.3031463250791435,False
-3.0115199977061753,-1.1303036746331836,0.6439864945330426,0.5394848344771395,-0.3274489674874944,-0.06911146756761788,-0.018253024296409653,0.12496007338820936,0.05274853944482173,0.4196094936806684,-0.4078547338584162,True
0.1315105129356154,-1.8161986662560932,0.8421973559765881,0.5496268408711079,1.5256137253902953,0.5404093096641303,0.0563301126881608,0.0011447912585542913,-0.1044072261965958,0.2596782812234886,-0.49243526397915793,True
-3.538317222293691,-1.2216721671617499,3.1587079278629098,3.5276360595655607,1.4692482985862712,0.1780439001722506,-0.9135519850525203,0.6873352792779993,-0.24295386173754488,0.4873836640630267,0.6984024926614419,False
-0.8008634264570343,1.2649149816255216,2.663157160876984,2.7101130821173682,-1.8863150820900048,-1.2352743300951043,-0.5609040958165001,-0.5494052001522911,-0.695009942685937,-0.06387193475756321,0.08794074898421306,False
-1.0633264118324572,-0.32323350110122906,1.760219662457205,-1.8186054534716918,-2.2834402817722634,0.012189327054705925,0.6867191605834752,-0.6796376405791796,-1.0040723382001788,-0.0038601378235848033,0.18747784894614877,False
-5.090863391190887,0.8780456332534514,-0.21826734587703786,-0.8399724347506722,-0.6918246208778202,-0.8041253610031263,-0.24759481713450646,0.28414736977623095,-0.4982964967591834,0.037387271614685226,-0.6502856396761646,True
-2.691700544988532,0.3861000040591273,-0.342956140289522,-0.571677106177603,-0.37481294107108654,1.2088685163529695,0.5006077139797779,-0.2051282851613704,0.24000273560398755,0.06593112478669763,0.4383536782337262,
-1.97400038162149,-0.5956933540984066,2.771898247455023,-0.4466464950482552,0.2255887153881341,0.9836522031642616,-1.3117631780979817,-0.2934982507200207,0.15752894547556096,-0.09695774821669141,-1.3740232760987179,False
-0.44385351277706725,-4.20981229377991,2.594202361087114,-2.32645062129448,-1.4869125728545092,-2.294452263590615,1.7688956307429031,1.2776260735822296,-0.3712618106230363,-1.0035574759643688,-0.21775445770702256,True
-3.5114887764125107,1.1945363745056357,-0.7266390874790106,-0.6178118671441085,-1.3847171232474356,1.3933372206644181,-0.2979604680354263,0.15385517050235883,0.6895848069984213,-0.15435939464648402,0.7611340075674746,False
-4.239847080667123,-0.3348344701074069,-0.03531976975486945,-0.5282853987536617,-0.46113060213511936,0.2509469837716227,-0.23974213752981222,0.07046509468478256,-0.1899094509001663,0.007880748394758991,-0.3433907456533435,True
2.51049594330614,3.6576542784054755,0.25540272766359695,-0.6147137478899968,-0.2354966773416894,1.0371167843218732,-0.023526426674183865,0.9375257295742727,0.22514905448547243,-0.19208247602538864,0.24053632513444445,
0.3164926693037606,-1.1370813708408718,-0.6922302366272164,1.0086263359711214,0.5501181553896949,-1.621085584962605,0.4242754728337953,-0.808279252952907,-0.28888520983370136,0.17579637115083124,0.06594682118475131,False
-2.0587256448375535,0.17448417687658713,-1.4835856088317965,-0.15103132785571347,-0.14464396307610886,0.9515383010990094,-0.29822216826283315,-0.6446343444174788,-0.28881676266241757,-0.08342587143951999,-0.4739922343854004,
-0.7578181646066984,-3.755134645503719,1.8031965486739727,-0.5521162931147441,0.7391478831027902,2.9428153723897905,-0.5751800515430344,-0.4722306423635558,-0.10720210424635522,-0.006255680586633079,1.048291852583066,True
4.7015025634346586,-1.8977081317747428,-3.1707933572933062,-0.4367435692155126,-0.1531189633743259,-2.1624857197300646,-0.794792240832175,-0.6430994347805056,-0.4543289692307018,0.9062920569560631,-0.5990431423230241,False
-1.8676280827271154,-0.6034806499851265,-0.5628709276703794,-1.8693563648948652,-0.9782073546859431,-0.03240423198978886,-0.11804634767702278,0.417664905375984,-0.04367450905727605,-0.019261214146635185,0.12300471655665764,False
-0.7876261325497614,-1.3105427420817908,2.4861200548644478,2.491313895407585,-0.5912137169662937,-1.630416970519193,1.20490239358706,-0.3098332105478303,0.06316741282294262,-0.26321394173464635,0.04998447060843325,True
-3.022460522984391,1.6208567363249466,-0.013855426610356146,0.025192567945576175,-1.1314670603959034,0.02794293612778077,-0.396667961376978,-0.10100036475092275,0.3765912236665845,0.2751269826304312,0.07929446847458219,False
-1.495675386694376,-1.3668887708883903,-1.2024974590093416,-1.0498036145486522,1.6371707314452457,-0.8292612497969928,0.36301004738199305,-0.2709898293679611,0.8379600631982488,0.010503085566081628,-0.3351195836617994,
-2.002670144222422,0.5022555981648325,-0.0254605643364708,0.17540321659582847,0.5834675976490659,-0.36129326600196926,0.24089981378749917,-0.5443425531801211,-0.4995754446824338,-0.08939521942770565,-0.2610417881721018,True
-3.1215348050210503,0.780833101169861,0.6685311738788172,0.08150988412527693,-0.16213898872565702,0.3571070947467854,-0.11609822355670152,-0.74074834820188,-0.5317586933875791,-0.3138647735494291,0.6081868395967499,
6.20002919174517,2.4338253611295815,-1.350908217198555,-0.2265148940320254,0.4404416356701165,0.445283409537625,-0.43368992060859624,-0.052177863806911466,-0.3204107715916656,-0.14026777736086932,0.16374508152617226,False
-2.579356279361704,-0.5727152869932591,-0.8937591674217514,-0.3918412154015604,-0.18964605870513063,1.536320065488771,0.004518176832407258,-0.4278015940871776,0.3312874372437596,-0.101936748045243,0.7816477740173488,False
1.9025179812929078,2.5321111152028255,-0.20617912312952796,0.6960733896656811,-1.1664907944695935,0.3530599118764266,0.014192378964790196,0.8128658602871838,-0.14025837031217234,-0.7584804339054148,0.9570040693441053,False
0.6004412366162202,-3.9564541035259775,-0.8126168272065013,-1.4365291881715567,0.40234893630266594,-0.3584009403188129,-1.3654669616305066,1.2299152026098508,0.7750076648846185,-0.5643172943167466,-0.7453864322000315,True
-1.1569633931746421,-0.7091434458915109,-0.03694075432304068,0.3688608509294997,2.800855042136777,1.3880919881677534,0.342919924290002,-1.2007298502460808,1.4039553295608587,-0.2449628769978368,-0.2893656588242623,False
1.4589900747218543,0.5329711143056884,-2.188628296907385,0.4194713949206183,-1.2023607635433078,-0.9882120506299384,0.5448080114931667,-0.03529130425693248,-0.25449080845719424,-0.26888597790016655,-0.3538744479152434,False
0.8009222901775214,-4.7988631578243375,-1.566285683913529,-0.44355490790746116,3.8291821285532928,-0.6590766256866407,0.9633630619318507,0.5860696301476633,-0.07228383664875308,-0.3996913497350222,-0.7984234068300013,False
7.526433163609925,-2.859704103783421,0.21648025146593897,-0.84963065785385,1.2570144622104955,2.3573049472987972,0.7292327853835079,0.13228544753199917,-1.3640911125120712,-0.3594317616240343,-1.1754681430115197,False
0.5347621930524018,2.030658591641911,-1.1547363438411955,-0.7444061991548796,0.22620646182590717,-0.14821817093176826,0.4981637214223106,-0.6089501643025668,-0.15412160854916412,-0.06043515439728063,0.1456081352688676,False
-2.9720447765230973,-1.6855409772703793,0.013488148746814218,0.8259911658762379,0.9343478071192829,0.09941568408468462,0.2829715009164287,1.3267119173116086,-0.13632180194758475,0.5943601702001164,0.2692949294594758,False
3.9253782455311925,-1.7891373487113051,-0.7667943891473784,2.0245326979693803,0.9388279355288438,-0.5049785387268219,-0.20970053149363604,0.17671100302693646,0.890079056555312,-0.22471608118169292,-0.07461775539223159,False
4.386099308337039,1.96988269744623,-0.22667870813401886,-1.1083988603054227,0.7005942739014901,0.4775062457371718,0.2872853265993046,0.0794343781168204,0.3526397065505462,-0.654395564883385,-0.284426987073148,False
-0.5814162765388933,-0.4247291944926558,-1.959713377732564,-1.4732021930725265,0.3035406304011876,0.2735202108022025,0.002829896289424592,-0.15815081033381304,0.16407957848912927,-0.17378585996214854,0.07041834712502291,False
-2.83623304396097,0.86562836959116,-1.8230554230514193,-0.6803483282048247,-0.38526624400311993,-0.16824628225506777,-0.3489283686424696,-0.04345712542699891,0.33470945573024713,0.0556736421092011,-0.2854787361204726,True
4.321415374068836,-2.9118568789625585,-1.567448648495953,0.6755094859421366,2.3445022154778106,5.066190118901082,0.5389628861587484,-0.3954628738229077,-0.7214623270153527,-0.20942473219058463,-0.703342294005418,
-2.3891171475671844,-1.0041796063028339,1.035236719813339,0.8748377927880455,1.3247539254837457,1.9473544684392148,0.027164898509409955,-0.5284816044113673,-0.29246617773367717,0.009793729825586255,0.15551079764858527,False
-4.446448852499748,0.6477980393967657,-0.9479342038008012,-0.692065965745825,-0.548777241741637,1.0343915225517384,-0.12386321253158225,-0.001763713563907647,-0.14484642170056378,0.24671496688196923,-0.20338231019675848,
-0.8830910785607332,-1.6227263076474308,-1.7531246544239811,-0.4795279574239061,0.30004020690071365,0.12781160465187325,0.31004174056075806,0.00707824961439142,-0.3830641192769042,0.04435800883708086,-0.44275962070248653,False
3.130928184931455,1.1340004962458938,1.8015965746429146,0.11905709135118377,0.6736755297636945,-0.06906187473095485,-0.11981505599517416,-0.14306307786564879,-0.20413993232318067,0.1262092868296191,0.37035434954827745,True
-0.6263097967925105,-2.718849221335741,-2.6221650784237966,-0.1512287737932303,-0.09166794316199835,-1.6383137165972341,0.29582783800459006,0.07165420728128949,-0.06990124624919129,0.3705789959845709,-1.0594060820115467,
-4.179747602287771,1.6545825370452374,0.2207168829819226,-0.9904279048636356,-0.026889399472802705,0.6185745663672725,0.08244646739566379,-0.00017948303350898633,0.19299869443843654,0.08135188666022489,0.4440638683632857,False
-2.3541581781088774,-0.22058953082713198,-0.5427835390518694,0.17081459933904009,-0.20657805527324558,0.2099520710650683,-0.38311263749651764,-0.1995768216628157,0.4871398997402415,0.46853856407882816,0.40297544423020276,True
3.7011100360129428,-6.40012744462211,3.5514250508371523,-0.6325775404232669,-2.6072862577342764,-0.2847839695484939,-0.6528295162215222,0.8401897093922636,-0.28205299628477587,0.43878697587743604,-0.42139660668421214,
-3.59945528165962,2.606529660594645,0.8360511670876783,-2.3181769682081956,-0.6240914126426765,-0.5856708700596939,-0.7228414442612094,0.1693601892716254,-0.9751849820288697,0.1372706471686072,0.2595605041071648,False
3.3108593146583085,2.246965956567497,1.4615815310014633,0.04244842908609477,-0.776097133332832,-1.9294475260027466,-1.2407931380333683,0.21077307787158098,-0.013328145403764235,0.56508739721815,-0.5188806728441803,True
0.4121418957009336,3.1986737872525848,0.6045463167726903,-0.7753657677853052,0.19531076518637674,-0.6380818228381463,0.31788650976837707,0.29702474025764874,0.1000632566408034,-0.44251194883500106,-0.15132144017197144,True
1.5484318530236698,-4.51014877142691,1.1247776777658565,2.1361448460621566,-1.5187711426208501,-1.0321678400795813,1.3062292820635515,1.0223447111710362,1.279929437302351,0.26310701011784243,0.6217303774418081,False
-0.1589681723135382,-1.0513772767145144,-1.4309417974306637,0.2643347801829473,-0.2830110681510667,-0.4580534007451416,0.04254167894562459,-0.9349952744558857,1.1218836463862467,0.06632193057090467,-0.23130949428714598,
0.02097537692058301,-2.212356257606107,-0.7025223135181567,-0.5290225729734358,-0.6837104645143667,0.3234435799321574,-0.024795965306951627,-0.1856221743205081,0.06145763873988164,0.24712320573902655,0.1968557872155258,True
-2.477416455694535,-0.3540273353143955,1.6796487378927727,0.10615584178998375,0.04121479713521936,-2.0621550871306717,-0.8048729372048249,-1.513418953150841,-1.256709804648312,0.46981675159076486,0.05303923701602199,
-0.016198438129387017,2.116162107427682,-1.1569537820005882,-1.223577626439398,-0.8151312178944392,0.1356309494870613,0.08658610281904602,-0.08582512021489713,-0.1694160880244843,0.042014524155653925,0.266613298427298,False
1.8717786772273721,2.9262852571982445,-1.2754229881474264,-0.8700115082940367,0.3029323787907487,-0.2267962040770969,0.18129300818567243,0.2643217820961598,0.06293622844451308,0.37561920683174227,-0.08180623549919201,False
-2.028138989896708,-0.07222243464537233,-0.29276368291602173,0.4379480936931019,0.2394173052240718,0.009527471987201054,0.042328316674989125,-0.5520310534598208,-0.06339970471903286,-0.3135374366525378,-0.2408287130816252,
-1.5363920571796532,-0.5553772177358719,-0.2951259490069906,-1.4088103480136396,-1.8664060250923615,0.9045680882747935,-0.2370464111980382,-0.03816962605730625,-0.27414397212129465,0.23303162128435795,0.15936507151844903,False
-2.8997300861740705,0.12303715053492495,0.9893799175816087,0.9577679764612338,-0.2215333523891178,0.5909367102268523,-0.13732859187198712,0.7077897263098778,0.17871486986670124,0.050837810761660045,0.6814040307869731,True
-1.6293478461560782,0.035512295726757875,1.5590846289221587,2.869348584495849,-1.1504862793782906,-0.42294466298833944,0.20172649102073192,0.05730163291523051,0.40217459487745,-0.18429375490199842,-0.29627418622390417,False
0.6963193673928462,0.08326342364023198,-1.187079394515582,-0.7808078969384986,0.6026182768108088,-0.1321124092459835,0.4769166299643393,-0.26864168780558056,-0.1158055675127399,-0.2510616112897612,-0.27035949689010236,
-3.3823977412862227,1.0335550364364168,1.5422880275421533,4.350390917275773,-0.34896411053389403,1.1110981749469713,-0.3003728762361559,-0.11807381305338997,1.4646966877299978,-0.08347641678791838,-0.8071219989840334,True
-1.2084043886531524,1.098310964775363,-0.681651954847321,-1.770933323291879,0.28108877928038717,0.17876022604133818,0.10269424250655194,-0.5519994990720382,-0.018950315428347877,-0.4783704255857946,0.23594826596425522,True
3.8036138511511504,2.308488564543701,-1.5713371964337008,1.2313217363475746,-1.2432436718625366,0.3610771611093157,-0.2789913693250805,1.4453544521128376,0.15537564409510984,-0.054642469518849206,0.20584572502401555,True
-0.2235105836413444,-0.5300928800540251,0.24243340348495554,1.29053099703588,-0.4218721505075168,0.25174877199991497,0.01754718658077945,-0.2211172458416031,0.4784483616923924,-0.18009333368462843,0.27665931487797957,False
4.035169100479668,-4.356017798804865,5.374791567438549,-2.4938018019142096,-3.0734834296781472,0.9497496194440815,-2.136068999561098,1.2441028366893372,0.9792875805462522,-0.5187242764513771,-1.1451575132933158,True
0.17049721003017054,1.347635324083342,-2.620243541458852,1.421181883052872,-0.6944735597842319,0.17031602622762781,0.30216898549912785,0.009318332639590742,0.04484369579951508,0.0611779572166654,-0.26842605388941027,
-0.9128541153105333,-3.2125248312459083,0.5252643611747508,1.6552607027373527,2.3440236625429502,-0.8648340726350846,0.49435442225617243,-0.02852181816626951,-0.7791393173152835,0.06643853949000242,-0.6703801544787527,True
1.6378161498189618,1.11125801867719,-3.2279659676525334,1.4397082511117572,-0.05055551474418048,1.266227058668816,0.5889283929467555,0.18299389080232237,-0.013914795148996153,0.481327465386714,0.09631900520038443,False
-0.07333040095157456,0.13245945912969048,-1.7162364374256853,-1.253522350498973,-0.09421964602339447,0.7501976208003777,-0.48811072094260194,-0.2549128889392091,0.4960920679750412,-0.84569552512223,-0.2529184156496294,
-2.0512833080146358,0.6207595636620968,0.8261100295586239,0.9631490364202343,0.0700866876841311,0.11191187266828707,0.0682923265131026,-0.005584146124152538,0.14698198752539623,-0.2073531795209521,-0.5352087828672409,False
-1.0791756505531742,-0.5028781950609605,0.3660295920052104,0.497282287948279,0.6312304364103413,-1.1274244588044482,-0.6330593980745366,-1.048707162412989,-0.7934655409995148,-0.11956873702063829,-0.38190152914923814,
-0.8083687780584647,-3.044452506229802,0.48561353248198447,0.6709302932872726,3.2526254714938454,0.4665665121737867,-0.4231695636819019,0.16278482310733525,1.6491042349115383,0.052039783066616996,0.6184336033552905,False
2.5381182338283965,2.486735694070873,1.0148293781107902,-0.5946188679559569,0.7542952739172889,0.33543662059160917,-0.17755042401280186,0.38135423356888865,0.9679064840404035,0.10839182856038815,0.5387173629632084,False
5.611382031299485,0.4551582816074053,1.7580631434786516,-0.2979454835382578,0.9090554731883148,0.3900647428201664,-1.0648302092289217,-0.21103811271131723,0.6246887530424794,0.5020844764818919,-0.26211688207350503,True
-2.4896923802261557,-0.07300070093890118,1.5127184583807576,-0.22384972346239573,0.6023701685664735,-1.0171974054348194,-1.1749344166658244,-1.4022539249583594,-0.17979907526795766,0.1998806636844392,-0.27083062474499814,
-0.1105940511110277,0.2502634909148287,-2.0965781883728654,-0.7666590794747127,-0.8998317865510685,-0.8739605136980321,-0.7696568459192827,0.04972232673339061,-0.23993607327683283,-0.30101484870120265,-0.06312292822356863,False
-3.48335996390986,0.27110364783387325,-1.0244326899470262,-1.4942138433211491,0.35670250404670145,0.6049363154983844,-0.27554106292512703,0.0581073377063276,-0.39478796079184725,-0.12122858123202512,-0.4285254112954706,
2.3743332164861806,1.3764144106211875,-1.3611559199178074,0.8425346602826304,0.7140475766917594,1.984128487815531,1.4129041059063012,0.8110328180706363,-0.574762971924428,0.5447610441504332,-0.13175792899246944,True
-3.9904718868687428,-1.3199644906541583,1.4172838326978991,-1.5091012265551373,0.3562160492246892,0.5388356520477567,-0.5032607970825921,0.9470399145564357,-0.4236308464618329,0.07207090681183545,0.8386070871497773,True
0.5619907825297581,1.0528969957591874,-0.1610739828524127,-2.054485491723521,0.034010104225767224,-0.004770197654762777,-0.4821388735708845,0.13806116767948035,-0.15410148254175343,-0.18409055070361105,-0.06020853499082689,True
1.874398720913078,1.5478451829476199,0.9229693463977369,1.2805962730758156,0.9409610307075666,-0.9745171743620441,-0.08438833583108007,1.2093056454665303,1.040366581613028,0.5221820033538389,-0.7770328700848365,False
-3.0447450470493194,0.7847517410169587,0.9674731428277884,0.6587680886350035,0.25076492867803185,0.07635221666776118,-0.5198823819970265,-0.08363337027465559,-0.42186965853396713,-0.0511292873697574,0.0513619340704509,True
-0.4134391511425763,-0.733397541553676,0.4638912748830614,1.230077919313464,0.14599556091697846,-0.7101525774787688,0.3317772666740922,-0.4078411855921793,0.7245118881058955,-0.8516887148847173,-1.0964762827613244,True
-4.641834287199038,0.8926223345745011,-0.08998266743514258,-1.6069057767970985,-0.3825633981773678,-0.08015389545317511,-0.8045196458341548,0.0796477842165132,-0.04671735180602324,0.36468235874967025,-0.059907116677952364,True
1.4467193392932174,-0.30026662310963925,-0.0037666487680261588,1.5157469466451412,-1.537178030473502,0.49756801383492844,0.15566378012055487,0.8647108675675655,0.424402134713738,-0.48815214120930733,0.21766441201697034,False
-1.9062378481771598,-1.5584347497501199,1.4513842201816491,0.13261933977628632,-0.8043203072186739,1.8303223522757917,-0.4551442226922742,-1.028520171916852,0.062259298767978644,0.7551378231107992,0.3843293153736554,
1.4417590796708224,1.219669458863919,2.627168814209638,-0.8039496867590306,0.7582168761123229,-0.9929026388990003,0.4116693681253467,0.23385646722437659,-0.3486957232059381,0.4437870644750279,0.4241695834009727,False
-3.0637131039244525,1.832229352976982,1.1337473608479964,1.4389096644072121,-1.221509342297423,0.5257397339561982,0.426752865937616,0.34398461067871783,1.0871100007158045,-0.3269109833931156,-0.0737544081407774,True
4.6724234684260075,-4.505759930973052,1.301049757301306,-1.1040040125066826,-4.348361544234645,0.0674935230661685,0.47282686491193987,-1.5685835383883435,1.491255430885975,0.09326808193063282,-0.06518352451605477,
3.139492021372541,0.7069687568993669,1.3349124805306274,-1.1214659726691263,0.5280829944448535,-1.1006006526723424,-0.14707459430657566,-0.2608919477422938,0.3125261999071308,-0.48693695076444854,0.26379053043390494,False
-2.8667746266010488,0.9691987510728574,1.659388878869809,2.5578771652964063,-0.09070233682594676,-0.5815059087133903,1.0176792268941315,0.5213361652305362,0.544899221838763,-0.4026148067128931,-0.6533724490710421,
-1.5613009296491478,0.24850696107307077,-1.640392964992267,-0.942862279818849,-0.8243051829945387,0.390532746804252,0.7255464632692253,-0.05130631297266002,-0.19254017375924315,0.2018134466842633,0.0002770808265932551,
3.1957291799284095,-0.7603375898316078,2.3847251404294836,-2.0883840354075236,3.1636535277222024,1.2926667727629306,0.8880959715247921,0.38229308036764176,-0.8997630561175282,0.45491175961592034,-1.8509845246689467,True
4.488736536143914,3.5280850835637336,6.011765879746794,-4.905030970908377,4.704178143521716,-0.8684650900307427,-2.3617413354101022,3.042810947222475,-0.5318422240346266,2.704185089725413,-1.2596059873568288,
-1.7286068838404538,-1.850079281494835,0.34522682351567163,0.43565328909115014,1.1474155441082536,0.9234910695027131,-0.30620382430375453,-0.6053834730382587,0.7775594698066393,-0.01742624568697748,0.09687212913578529,True
-1.7068179071361147,0.6284601240536994,-1.2768828013154165,-0.2739573601213495,0.43681642813373034,1.517805668620828,0.36481293477694476,0.20717796725213525,0.2549238235063354,0.0294268397035787,-0.21216714516511834,True
-3.031847858250818,-1.7265867863653261,1.9036202991830786,0.6858755235438122,0.9941737986190484,0.8475526251453447,0.0730147815102939,-1.4776112560890347,1.2115596641223887,-0.07472612427155496,2.367629085064336,False
1.842316468917328,3.876056823675585,0.8182858213488201,-0.4427231190013445,-0.18922163826232874,-1.4736148221433776,-0.10581900018896095,-0.39816356598406166,-0.6094190540904092,0.015167932757511353,0.2420476704819669,False
2.268221235750335,-0.8773677056034677,-1.6831470991054003,0.3615331912046514,-0.4369755896548859,0.5976368161385534,-0.07376541169659762,-0.5034443123159118,-0.045486291041348215,-0.25279619845440915,0.5304635679765057,True
0.6968583377664302,-0.5983546833638944,-2.3234339284033947,-0.043828898624712606,-0.6095411386524074,-0.5526243430626269,-0.11924379497360224,0.28382190777094296,-0.5009157418827579,-0.22641509066929827,-0.6530359629670802,True
-3.2515138348642467,0.24417590895921762,0.016782011085513592,-1.0336396061923336,-0.4366360981628688,0.6913397104831436,0.3526483172559333,0.21167772943076607,-0.21851665333165135,-0.21330140852098203,0.3179700367280368,False
3.3143160206863884,-1.379162229777708,0.3929708003024682,2.3423097465217415,1.7559828589368232,2.403439075327697,1.1887568096075873,1.1496186963050983,-0.5072797894011849,-0.2194110657234226,0.23948793026763293,False
-2.2081861116433714,-1.6213544630190557,-0.8069392839567429,0.16028181226013938,-0.3077976204948357,-1.343934461369112,-0.5465385530946986,0.6865499951005839,-0.8020350673283951,-0.01859732420611134,-0.14080794582248235,False
-0.28022181868831625,-0.3928920939227128,-0.8397007796787944,0.11450580663293608,0.26058801973712126,-0.15289676701540342,0.01591834184773547,-0.13962919938521282,0.4256248037923486,0.2598765609681686,0.03078611727555907,True
-2.9199976031667543,-1.83056074583634,-0.5590109739631314,-0.44352483125056,0.5193576159633397,-0.7987881374081807,0.9988564406473779,1.2430647010055333,-0.08046351877905683,0.23973052753333837,-0.07359072343353142,
4.230238069529728,1.679136692152295,-1.6959857378828944,5.057913871691893,-0.7437772271451227,-1.0655729531227942,0.39416447980406394,-0.19150565753169768,0.821341033304337,-0.1522499059593567,-0.18803391944862569,
-3.161621683690631,-0.058846833379594884,0.4940309344203324,-0.11330295222697163,0.06679656468989158,-0.41897393832195223,1.091008144344235,0.6553412574058453,-0.15215650468246483,0.18144902907021515,-0.1938626573350187,False
3.3321116781470206,2.1951300357204957,-1.5904378064360305,0.5938471386245818,1.2837027236310143,-0.7888839378140933,-0.06031284083754519,0.30659173593848993,0.47028076328036633,0.9138644940145508,-0.14996717756595607,False
0.7668290567631704,-1.7472633242205562,0.5700562398153354,0.3235718479736024,-0.058552688075663696,0.8378360718985282,1.1079597308636713,-0.20527703271295045,-0.17173540283350483,-0.23036126033332752,0.27707677063533503,False
4.53198123744345,1.8452319969803763,0.14250969845656433,-1.2743882772960902,0.3304343317674476,-0.8815745319697142,-0.9041283276547113,0.18267540284644604,-0.3139273543168335,1.1004334669824363,-0.3951192935560217,True
1.8204474225364897,0.910209676261539,-2.145895516761022,1.1569585054593077,-0.00551216760995467,0.6020750240896419,-0.06852195469087337,0.365401152727974,-0.06507598244859095,0.28686766210769926,0.19450210939438017,True
3.5191648837610146,2.5351903411262082,0.03606268488503206,0.7864033737678999,-0.07001047589559527,0.6474391140624608,-0.09058760703765159,-0.645743684757603,0.509200411617306,0.07372602123539435,0.4672053140874565,
1.8953182900629981,2.453999294214509,2.0175554912801834,-0.8327333131851078,1.3031620294262003,1.8272119149644317,-0.22943547186033864,-0.6484567690366894,0.0854268472236615,-0.18083757640608306,0.4474008924356083,False
0.898307229706282,-2.09007495442998,2.013812357986752,-0.17946662413425762,-0.261329344881913,-1.5083292352934605,0.48080399892194964,-0.2826304404124162,0.060059617781014124,-0.930582237374398,0.045387761374614026,
-3.7408324764179137,-0.9998227912040879,-1.9229375626340195,-2.2612770925743337,-0.224702776120536,-1.6673119470595934,0.03043380336933812,0.4108297655255368,-0.5747640425487741,0.3162282105969974,-0.04475504956283285,False
-2.1509613515239474,0.46129327766422973,1.8283421775536393,0.9801634857842403,-0.7501133662109042,0.5533722171363403,-0.40911526084445154,-0.44428506809500795,-0.3138712458524391,-0.13984685836495273,0.22503516417033673,
0.5809438686868847,-3.859168535824423,-1.4730015137419505,0.028677662234966487,0.805142204578376,-1.929918315133939,-0.6418520913766061,0.5992164774844031,0.8358661909951624,-0.29736056474649364,-0.40490917054322484,
-2.385729831831821,1.7543606449783886,-0.4954258704799317,0.9253765851710795,-0.7401688435086492,0.9659995886223028,0.2630159758898315,-0.2702359244187165,0.5954667013998084,-0.06808016799905724,-0.06444166412483207,True
-1.0849179508466316,2.533213658591606,0.8584030262224379,1.423610510611204,-0.24011791739330293,-0.7175821897274134,-0.17134463731978272,0.23752701360609005,0.044514288632021934,0.228747662696499,-0.12235081045173044,False
-2.045089283560263,1.3665320325696702,1.95519910798673,3.4099537667659225,-0.5396898361993022,-1.1639418862809217,-0.5636728638556445,-0.17036529602210235,0.0643257550594922,-0.43239345890625336,-1.1037863366306633,
-1.7099174368921872,0.050110526417391034,-0.661937177961807,0.11293665174934384,-0.06764062239657156,-0.06433989224778265,-0.15796069351960518,-0.3169451231054943,-0.09295567135548095,-0.061583464687717374,-0.2016115463396129,False
-1.8220727850727274,-0.2124915541868297,0.7611672787507332,-0.09061865616915524,-1.0566343115780372,2.4614299887175966,-0.13580344519618917,-0.13799339419813592,-0.008985360956512953,-0.4046580519357077,0.2901015301125557,False
-3.758085899112081,-0.20987009645662888,0.7226303482543094,-1.6777577399181671,0.7558017887900902,0.5396286686376425,0.3051384885710838,0.4192497438716145,-0.5237828196758442,-0.1626723658906799,-0.5333018021398226,
-4.70198873488013,0.5222285054088598,0.016047672270611463,-0.22777346745821675,-0.8991905232156924,-0.11553721694929901,-0.71527676223817,0.3244696156717103,-0.04571087539704187,0.04088509138631521,-0.3216288128663689,False
-0.07939219751555154,0.675069531095564,2.227623371293991,-0.24031627347697726,0.17632205607093798,0.9153633175515391,1.771182934841552,0.4065157519407309,0.369934297259219,-0.8517054751569588,-0.33749808237269646,True
-4.476294089757475,0.6344190146790188,-0.38001630301113276,-1.9719227599993157,-1.5583277897038847,0.509989981271067,0.059177990302308144,0.6032405937415983,-0.48058527160510794,0.06942633850657552,0.11946472757496202,False
-3.5181697776480854,0.43654626101891353,-0.34351307271084575,-1.4694841146020072,0.013337871734636327,-1.1841504093024509,-0.31927291083602,0.13898844045013467,-0.753093187894791,0.06327277206459775,0.243010225147964,False
1.9186885947250214,0.9795015422399144,0.49548504821223377,-0.9237202866782388,1.3429240970967469,-0.6485812793572405,-0.26472827391422876,-0.29364234955060387,0.01175072101434329,0.5307300175619224,0.4539793993137312,
-2.8224271884360124,-0.024955510013517913,-0.11446672989714153,-0.35359338885855535,0.7978499028642047,0.5443114272461822,0.27014423651975106,-0.089726257258538,0.469052091595967,-0.08222495920591114,-0.5513254684473083,False
-0.9805274311972593,0.7180965445150013,-0.2609289310510179,1.6113907611950993,-2.104855239191382,0.026530308819584583,0.21362423050559506,0.4976056112565069,-0.09699158403650555,0.1777865810465675,-0.006899335676717714,
2.365038060073023,0.8716890688159136,0.2877270767536346,-1.5532105621047032,0.029217141368739073,-1.1062036877446397,-0.7885666139532709,0.3661438097718731,0.3561852096793609,0.314539173054253,0.1820577816004844,
1.1261579881898103,1.766844753729025,2.4029867619908627,-3.6697395184936084,0.9274758654769768,0.4628913875612538,0.9975355481240394,0.8250203437310273,0.15270431433217074,-0.7837028556382035,-0.5140381893862841,False
4.270840188975802,-0.44811257921156744,3.0526708947430095,1.0779687985463815,0.5150497449679184,-1.5080093850206473,-2.296366548601652,-0.5831895110184839,-1.348549013438719,-1.5042031095287465,-0.7155021374526108,True
3.511089855576618,0.015466040435741957,-2.661400665188026,0.2021962227304321,0.8775381020255232,-0.7865109970100698,0.15998470472804222,-0.34774720554359523,0.03704850796641662,0.22027858706806294,0.4446430709328079,True
-2.6211450625604447,0.5020686910450833,-1.3030372953015992,-0.7115641520293714,-0.29903244479077196,1.632370922242238,0.1387931192573962,0.28169940234359736,0.43036821397398894,-0.18376573753136588,0.2415678240923201,True
-1.0571402864509065,-0.9343304958481374,2.719236063710445,0.13975314294841093,-1.7465536559454546,0.9988827067250781,-0.7781947194375449,0.3943377052621277,-0.07822020426541669,0.13248720376235304,-0.10846378761463782,True
6.587237784286949,-0.6006588712592454,-1.118115275733299,-1.8146592372431847,2.452995605158957,1.0939528430595502,-1.1114828713961915,-0.898391169978837,2.508776987843689,-0.4282024715417192,0.7257946788783508,True
-1.204227461298894,-3.1318239240959245,0.6050316891893661,-0.11547123099726732,1.1154955857367252,-1.112936228634317,0.25583378750916436,1.3214277032137374,-0.7593798041563694,0.0566635242577403,-0.3656487043938613,True
-3.4375313126686895,1.3705312303685353,-0.14506773962747554,-0.6251349583648429,-1.4890994817946628,0.4599383890229648,-0.42119483805319763,-0.0007503680945590291,-0.10218197289672797,-0.06858058731720856,-0.14710253923182262,True
11.231470227242257,-9.837655538523236,6.616108002259789,-4.123193049184204,-5.705029055372652,0.926412226060156,1.6489012211315526,-3.7368786569421863,2.449205106942392,5.190090916097202,-1.423997732999625,True
-0.38947532221137954,1.619193277816251,-0.4126388432822968,0.7049599868670996,0.2563123617883836,-0.765217541287566,0.30213460584013246,-0.1805466244894804,-0.2272006591925538,0.5841372403922204,-0.3091348360067966,True
1.1051087407696023,0.7274798370703721,-2.1295607024366627,1.0923862466320091,-0.5226710555505398,-1.0446672067470717,0.06883748941046977,-0.17653139808485024,-0.4598400215360031,0.1830168268943551,-0.20327833441023674,True
0.14746771214993926,-0.913068412177248,-1.113572332927376,-0.21305397355795402,-0.7144418714353522,1.2974551329764379,0.2754767802982306,0.8092937176225824,-0.15482280322273265,0.03133392716987532,-0.7774585175604177,True
-1.4229857206232075,-0.45473825909892396,-0.9957530162886731,1.4696211084535393,-0.3924127725333245,-1.3786901364924662,0.93184995482251,0.9611394024139758,-0.2558335221247248,0.7769198728453137,-0.1431339530094797,
-1.620063080783024,-1.5390246046525926,-0.17687499035719925,0.6542696560358109,0.45076834836819135,0.9540818766010047,-0.014704322208290349,-0.5164057957443878,1.3624526705323246,0.3785440812258392,0.6154830470997698,
-0.04791180270863436,-1.6315714572612026,2.3351019834228866,0.2913799852799128,-3.792708519819507,0.48837945204511257,-0.49290631320993705,0.9057229016860792,-0.5724940471354066,-0.37384572157491286,0.058746869540130295,True
-1.0832674278555094,-1.6787215352631832,0.35108962923635406,-2.002902977898064,0.9662931647319453,-1.8515302819492951,0.5839775756525649,-0.8836373087378652,-0.096501127815922,-1.3089786413318392,0.32616069354740224,False
0.1640114815035071,2.787986645814355,1.9032534782435586,-1.1664044492833765,-0.8120023406783585,-0.9290010170637685,0.5427364978467134,0.8563095453765437,0.18920799159252985,0.010109566158931764,0.2630616380894326,False
1.5344069991576221,3.6769453241793255,-0.28392478232326407,1.9077570674054671,0.3311019477182443,-0.5207335943337564,0.43391166308876683,0.08942209421226399,0.35286928595088196,0.0870949175291259,-0.1854569851153204,
7.081897112055816,3.9422828189000847,-0.6190634100063119,-2.388750884273843,1.3333210388931855,0.12248702602809035,-0.6685152284996456,0.772343236443925,-1.1481562476874039,-0.20444039669448066,0.49293989364330687,False
-0.5828376204485678,-0.443416683514206,2.0108726647856625,3.590319314682156,0.5610402417208293,-0.23398919857858114,0.9218509930804211,-0.32019772685127157,-0.3441020052301416,0.3187499491115181,0.05416521774491437,False
0.667378280866299,2.469669608710153,-1.1188269309309915,-0.8211807960431284,-0.10552119173492405,-0.4199399252618344,0.323166073454649,-0.04535154058653749,0.24199624528642144,-0.05907660413101473,0.029422588850288457,
6.202152863505441,1.8342936126720149,-2.3082768257358297,0.7916543317185307,2.406303237785577,2.4056826740232813,0.22681811047346068,-0.22669405990802546,0.40431352893145794,0.13581428534157725,0.1960226188532231,
-1.5532638707873794,0.8660353540256508,-0.8569501814149619,-2.0107647649164777,-0.03054965542055843,0.04489790721473147,0.03869574683040153,-0.28972646438158833,-0.06226478576751876,0.28914296902324416,0.07242504187239744,False
-1.6663605540574409,-0.5182830009299351,-0.3246001758204526,2.922346901695513,0.950938149395144,0.16374201950450262,0.34432945300186524,-0.012638588654821955,0.6045988660252444,0.29852823014504365,-0.48489320756316406,True
-2.436200923005936,0.4950530567170674,-0.6027285856264368,1.9223828618972532,-0.09425757470563893,-0.4320639980490649,0.3316724461729578,-0.5255462766063429,-0.4635731699726042,0.6520620397991068,0.32938326906448734,False
-0.8083893786023707,-0.5464048269584776,-1.3801596012628754,-0.9769864577814691,0.4654031325025947,-0.2774719138496802,0.4730457703842519,-0.8885145720577503,0.04304870031608023,-0.49837809225601276,-0.5342630875286589,False
-2.260563750092716,0.6739777058188863,-1.40964314212085,0.0764830022755913,-0.7305235595698597,0.25221757243533627,0.15301100429507258,-0.06818103429542723,-0.5025429410044597,-0.09527936485727939,-0.32163204654314537,True
-1.0513716570556397,-0.02057107524603942,-0.9353083138615103,-1.3320643572891575,0.8647059563154331,-0.12046302887075559,1.1725506878917569,-0.1750731151301075,0.03826812027855676,-0.09472442442776081,0.32077736807063556,False
1.8852748823894332,1.076131292155615,-0.7312670131836327,0.45894093502076555,0.9745336781055932,-0.941023394560059,0.3413381591393042,-0.8415265468311226,0.09325154395149596,-0.009977483688121427,-0.23893455336019148,False
-4.323417868278999,-0.8539524722394101,0.2981320701722377,-1.9254184927691782,-0.47261329978678174,0.9657510288069128,-0.7554163420582474,-0.26799963348292205,-1.033869339393765,-0.2746976505640711,-0.840555125681783,True
-2.28900081387773,0.9165977817694754,-0.7843271879091992,-0.3992155943396489,-0.11181725746649718,-0.17480827276591587,-0.27038625919970144,-1.1252567044618975,0.17031932817399556,-0.08039591446571565,-0.5045333436517797,
0.781175658624862,-2.711223185203368,1.2153831227312282,-0.02112849127036969,-0.8733139723316954,-0.5071487696390865,0.2680937368104869,-0.19606513225816108,-0.26245411937318386,-0.2058880054143536,-0.9780948996533838,True
-1.6119869628128767,1.2970729808386288,0.6205235453286798,-0.3193114735127057,0.42695470757412574,-0.9597731981710791,0.23450656725856106,-0.10432229570257694,-0.7489572663824228,-0.20965937632453516,0.10793592148450329,
-3.0373694574890093,-1.11736801850377,-1.565257926948033,-0.28225587449461087,0.5749739952101399,-0.6740053804046569,-0.5847696991209824,-0.3216556673915095,0.3900802996309095,-0.01710465321623326,-0.20069593880621678,False
-1.7740655547074415,1.1409724917563615,0.9098534292413101,0.36728717411824685,0.05688691171774881,-0.4924146988244285,0.1353810777370849,-0.8058664722008165,-0.9256120569890386,-0.3429636554820498,-0.4491861522077619,False
10.670616322492087,-5.914864571450796,-4.302830942887825,1.9982261609739023,1.8468984559014738,3.10173408694395,-0.8124728226236536,1.8133267830459483,-1.3340074106717117,-0.4543191502087889,-1.4285963865277804,False
2.3240124450286386,2.9522210719214184,-0.2585300293741713,2.01101105290645,-0.9924577669076537,-0.5773435827341311,0.4724413379765469,-0.20619659593933073,-0.07447435009583538,0.16903973772102132,-0.4140231220782579,False
-3.453021123806332,0.8889635214102822,-0.5928570543130101,-0.2671033801421851,-0.4455119576236214,-0.20726816625816952,-0.4171828905625969,-0.10179175882035978,0.21581260143670367,0.01938860082358236,0.0030181246931217103,False
3.6704123043364567,2.3632214193487306,-0.5447891158858289,1.4952925575248388,0.22762769504006794,-1.0898978369317978,0.5748828321198111,0.5488964613326693,0.45341140373375804,0.6144982172516049,-0.08720852543667434,False
0.1416048126149274,-1.4802086610421359,1.1279939426236043,0.22953417257149858,-2.3531381977181773,-0.20480213144414275,-0.6256494642262825,0.1858394142479559,0.15908945973710328,-0.6605924516772819,-0.15976159739992157,False
5.276926313182862,-0.16029699120747096,-0.7837686562651759,-2.2724859168219846,0.2842617738721751,0.7147409638299209,-0.7667946063813273,1.3023118833923375,0.5769723884238067,-0.7067268363632492,0.23002265168124308,False
-0.5113916432901442,1.403377823657631,-1.9043140561653946,0.9394591209025303,-1.2741761710097288,0.265205941232371,-0.31408368190503366,0.36780006679840144,0.45457432735206393,0.010730642847685545,-0.32770966566609255,False
-2.9857352660979037,0.9464712125951368,-0.8392495021572893,-2.1360291374903535,-0.5355124000405019,0.5959399297996705,0.30038995816225283,0.1297054473021415,0.1238040697016375,-0.41878683850597315,0.41175222575061265,False
3.694381455837478,-3.382557496217366,1.2026500390492434,-1.6729056307421473,-2.2004406846606157,1.6009907999509987,0.44293812084128364,-0.4420968089046053,0.19264346697928936,-0.2643188192591089,-0.32534491731746185,False
-2.9281091836863435,-2.07880162433139,1.2754196379603482,0.7965808661868125,1.641665265329081,-0.8698882691158548,0.04607934325149062,0.13663331598984602,-0.43616690533526326,-0.6601713661911504,0.7047237295833675,False
-0.8696021940308106,-1.5432856912491428,2.0415646414499142,-0.918377503185583,3.4026695186490685,-1.555427106521266,0.517291794703408,-1.0601370834553012,-0.14249163337831072,-0.5548351152400348,0.43276631958524214,False
-3.174562368512159,-0.041718695982723326,-1.2539161728922865,-1.3319690212702866,0.16582334242514626,-0.6756750564800993,-0.06205116224249783,-0.2648932190038077,-0.04642168146701488,-0.467864982898572,-0.05775995522385147,True
3.2629965466629707,2.7077797744576855,0.01594300098441807,-1.155608102475836,0.8127761692036708,0.49634493374237393,-0.49043994050634754,-0.688114608908246,0.3018983157695391,-0.3118632739260424,-0.0842169259161683,
0.11525028215116807,1.912314343865981,-0.7674834373940015,1.0593630981803348,-0.2782677940286831,0.11865202509872248,0.299556568528674,0.233077521772731,-0.4520144578865667,0.06705089375710752,0.09080291235831037,False
4.160299798340071,1.0484696898136725,-0.32150212176169074,0.9129182089865515,1.5017143985708068,-0.2647026761001008,0.4788002487909971,-0.5296756870565683,0.2543892212199828,0.5629347267043303,0.1480011910966586,True
-0.6677451554680024,-1.7035637467472127,0.233260636804535,2.1288810227090176,1.1274066295185716,-1.5021000105686184,-0.35945979647925463,-0.47002922039951944,-0.07641548189917272,0.5723650760647307,0.2881017596335405,
-4.417254651577434,-1.7793427561914128,-0.18004549874373382,-0.03554111112819052,0.21831204954846692,1.5263508980362757,-0.619336455605766,0.39303334943391155,-0.08515768954180819,0.4385988880339931,0.4269785633063822,True
8.489336642174623,-1.2192247470612498,2.2309511686823527,0.05134197099551874,1.1168767806065267,-0.620723452535662,-0.8503475455413052,-1.0475305484330708,0.5603187133244969,-0.4269111441580497,0.80690459514124,False
2.3069050310295314,0.742379272052925,-1.285321768086409,0.08952670914437676,-0.5620927678491161,0.8130304773569927,-0.1623548324982041,0.8266405544755916,-0.42788341960451476,-0.31203117933970503,0.6317792806639506,False
-5.145999030769773,1.0499118710600641,0.828384044196481,-0.6147567609230726,-0.0032810908000947213,0.6860177538238635,-0.09080248738603666,0.501215861118603,0.03446270698486989,0.08827888233014118,0.011256644558028816,False
-0.7281824129014206,1.0100365357198156,0.1651732324706947,0.030914333653883207,-1.4774948511136843,-0.009911481893585403,-0.12168562737680928,-0.05431247197130739,-0.382745049668334,-0.8024457258365864,-0.4215896151436064,
0.6319356222007385,-0.05674566631258606,1.9728848313366583,0.6551079966958789,0.8511255603021881,0.47510963732320416,1.1826600175906943,-1.0810225460352667,-0.10635447367534412,0.08735184005986206,0.8933964442378877,False
-0.5275007364285674,-1.679151065552502,0.5716031932869999,-0.217965500934938,0.5478518360650758,1.2289351839408273,0.13566620558061943,0.1869137628464472,-0.24883042812797018,-0.556175416906085,-0.6873125779255944,
1.7279582925639128,0.22393192521970218,-1.0578201305464257,1.0903276412851082,-0.8327573210373512,0.6054183443164629,0.7100934503515028,0.10681674430576746,-0.18902031905689817,0.37229779664445467,0.05386215487022695,False
2.9512916477221074,-1.0769011811499587,-0.36432528459844765,3.394002010226202,-0.44776724729512957,-1.115898280562938,0.050951074868207796,0.39230956016253976,0.1919409529309528,0.17513983670398028,0.2609602122863341,
-4.099696987449258,0.21010821958310963,0.9597034761210689,-0.10473022756048529,0.6225946490173219,0.6917863051248204,-0.3783942093918134,0.5378904673603411,0.7070732464673257,0.11938155393167364,0.3995215525465514,False
1.2642486160772217,-0.8068983717788476,-1.7570797180384388,2.259688964390815,0.8502653817531298,-2.120134665170744,0.5802541403627056,-0.9621673987094188,-0.08769511915718865,0.3998360049690099,-0.3887668617068289,False
-5.1434292284230345,1.5545854985463343,0.11896246502372247,-0.831366968766692,-1.1116146371164957,1.1632981429624552,-0.19105808298777074,0.26821903374583544,0.147446004221533,0.03740884787097066,0.22736243304210968,
-2.162354303336552,-0.5065405788393803,-1.0889628308939272,0.6690476130613552,0.6495808226566753,-0.33430879110840644,-0.28304782660868405,-0.9113764469411045,-0.3393577992963836,0.1399748413409764,-0.3987682200527605,False
-3.5563432720350336,0.2927326394492776,0.9419448112839351,0.4763437162801986,0.10824286600375363,0.273570723088232,-0.18091307785113786,0.2917645157415612,-0.16051013375955048,0.07380600506331599,-0.9137634896263697,False
-2.7353533396980887,1.6552882188018916,-1.3457196448831632,-2.134510295705137,-1.4099751876658526,-0.5044755533707252,0.2298312460741826,0.3135978776023574,-0.6408326404549196,0.22588693747652308,0.2962526348785696,False
-3.292504959091919,0.9407797245755362,-0.1319053596720017,-1.8341750723480312,-0.09131154856179874,-0.017110794717816118,0.6894096058037507,-0.0014746750292472775,0.19154361008842727,-0.3254833290798057,0.27265812522498384,True
-0.4632450618435583,-2.687725609129217,0.915438098666724,-0.9779727811797532,-0.11120956200213553,-1.2080441537185735,0.28436597827564997,-0.3616511619009882,-0.15771173471937852,-0.1952179256838739,0.9866632862737204,
-3.992298641962705,-0.019898829236997848,-0.42668384924401864,0.8635189860586151,-0.5287086604331962,0.15618738209449512,-0.6728654656135417,-0.29359632826905985,0.4218342445711244,0.1061343369177841,-0.41056498762575216,
5.2271854217336475,3.3262709033944398,0.09720609376606172,-1.3482233062897013,0.4642030218279488,-0.026773914822160953,-1.612557191681331,0.512578221205084,0.37360890404644875,-0.250386711426809,-0.1413518938722322,False
1.057006876389115,2.2851449655022233,1.6966451943542353,0.21250158255463433,0.9899044270823214,-1.9633259125639797,1.8460583279444795,0.093417835806412,-0.14957241263562626,0.05934618063262447,0.1105954846013373,True
-0.6280630270571377,-0.08565388933090579,-1.640841619166293,-2.1649604365625663,0.5184729917421291,0.12376414356319197,-0.4039909848842122,-1.2056989611043984,-0.46193009156070025,0.1270088175706123,-0.3165800465702191,False
-1.7651272473770632,-2.0727158553421936,-0.9867265294882128,0.48091578293985704,1.1892022193332472,0.04998131985144654,-0.4555560912282553,0.022432067960174277,0.1662090287139656,-0.03700129147799876,-0.5158587480268039,True
-2.8143862022519457,-0.5871246754024491,0.36015821228138545,1.548679168592915,1.1660160813975797,0.15168643759954964,-0.1367888123441894,-0.047022512205590415,-0.5582654174634455,0.09279706957466473,-0.7855343882036948,False
5.423795222099058,-0.9999989779818867,-0.08329044628396008,0.35680122061729785,-1.479969457960619,-1.1531392101212272,-0.0910530078795584,0.5013834892516666,-0.1155581212556892,-0.23531806996378662,0.55943669076376,
-4.863863954304476,-0.32737624575631624,1.5154974367433072,2.132039832543171,-0.5298681829614206,1.7184530293509646,-0.4519797873721021,1.399011420073674,0.37919143967054275,0.47777557531359965,0.06640215518827768,False
-3.3269533772371376,1.6460194806659347,0.7688840399746424,2.5300301905630898,-1.1338920204769258,0.11303709279934061,0.16335193267222278,0.5331306515769668,0.3985640782856601,-0.27500091624351636,-0.674907635392514,False
-1.0641096737049782,-1.6520185143302415,-1.9285005591000617,-0.8126271908615009,0.8393872279839881,0.6472916349197472,-0.27879438166566706,0.432953779859506,-0.27560719997454836,-0.3018102856380733,-0.11888511860956674,True
-2.43156115917062,0.007276043744213689,-0.5731277871846339,-0.7035572486310387,0.1861632239784386,-0.6592676759587235,0.7276408805765228,-0.1822061489046572,-0.275791890043903,-0.0837804654143444,-0.8752999335465822,True
1.1120160946437765,4.468858187747495,0.3442901764496651,0.5428966254124138,0.5151559977700043,-0.605938096945125,-0.15025090189561494,0.16985574028525768,0.4520668512564207,0.2956466054490285,0.25459917407984933,
-2.7076968403486443,0.24462523779269732,-0.44500589130974866,0.622399258316575,-0.8275334589787982,-0.4915271193117293,-0.5303390543291118,-0.10364199053980479,-0.5798726811549537,-0.005106203420066268,-0.17233089199020626,False
4.953278056719388,-0.7929061453474638,0.24789745626458773,1.7792207464727108,-0.4578095644097917,-1.6198677973253701,0.5184950478769011,-0.5707389821989851,-1.0067368720644763,-0.5089607445988904,-0.07968206177399628,False
1.4933339839634503,0.1444120714058269,-2.1794352297255397,0.8913868673868213,0.08605673998730588,0.2838118043312248,-0.3095138012855015,0.060220474909263445,0.31048339884829745,0.05714844647809405,-0.22460229569885592,False
4.379692282577944,0.6633553166938421,-0.8457471874387732,0.9401147889031828,0.024667796141377086,2.6561869573922983,1.3662489083410951,0.21978978093443097,-0.28774094477661777,0.21601302357974553,-0.15166001049781277,False
-1.4477795441879946,-0.6206062412837159,-0.3398702214029664,0.6564376933085242,1.3740129614014753,-0.12406883368333699,0.22485794177282217,-0.6029756898329158,-0.19864385459015416,0.0815603465680244,0.4935315759254644,True
8.066801567274206,-0.4147647835080542,-2.5380727837586767,-2.608014204430142,1.3444935348142697,1.4351716049349417,-1.7138113449282875,0.49132851190380195,-0.6550955199306101,0.5442237915527455,0.7183209980627733,False
0.6423646784343199,-1.6149050363955861,-1.191014919419559,-0.15957585532372184,-1.3101549658370188,-0.4555270934564455,-0.44931037997822343,0.387922068306671,0.1279921077456168,0.06316793309441134,-0.07998693039871535,
0.6020655265263412,2.234685762148637,-0.3086348780052426,-0.6202301033167518,-0.6183890956069534,-0.3615032701190938,0.6755168511820618,0.5036003277310834,-0.661434783463814,-0.4779587315204327,0.07088529086125156,
-1.7360831696254129,-1.1133068765154097,0.7484952312391943,0.40026632247724636,0.40189383417592534,-1.430682571336569,-0.07208257660960238,-0.10207233217293041,-0.8121869356034052,-0.041009370718991384,-0.2441893480663567,True
0.6201641010363854,4.557709232554436,1.058537737328584,-1.820546771919732,1.4086015355526798,-0.7832669026442429,-0.5681290877571602,0.5052875406253856,0.433863491446613,1.221743559672784,0.37626936314804,
8.232202280206742,5.642400586865142,4.189493190194132,-2.54549982523109,1.671295016837179,-0.9020095557943139,-1.374764558533958,1.0138667798723537,1.4922356655566231,1.8710566664706696,-0.23792424957528965,False
-1.8443051873081677,-1.006282704280593,-2.032581641357284,-1.4149053110927334,0.7928539606562273,-0.8719855449222742,0.15012088218682715,0.15875687923073936,-0.28479666874390575,0.15864599956342784,-0.6937626791553938,False
-2.1564320218410695,-0.6688060231688112,-1.941838566537523,-1.2372965162007767,-0.3060919452853893,-0.39555251820762544,-0.08764743854478821,0.35348893007070903,-0.2379855874822075,0.3772791290431784,-0.05084437606359512,True
-3.9607583077574953,1.1494279509162393,0.15357168296199933,-1.267257667824446,-1.268642636997598,1.3053667771869084,-0.1357455508963904,0.21395581749084,0.302993330186812,-0.020229674397675042,0.1610077282889296,False
-1.1346571945360397,-1.8474991292830611,-1.2117859486414144,-0.8426134635763873,2.07175971088928,1.251650779646327,-0.7610094218057624,-0.9634141498174161,1.0829362125010877,-0.8049841194366452,-0.07510549020979504,
-2.6854630986940657,-0.5279534261538222,0.35386972258407917,-0.4470085578517828,-0.9236980417671191,-0.4797808585654586,-0.41648296450523636,0.45936470968453624,-0.4198548094859503,-0.16375395453783959,-0.3987374907834382,False
-2.528749271563952,-0.7058795671290384,-1.497543121715341,-1.4126022545646382,-0.5016279521048492,-0.20122200689985117,-0.45936809283697067,0.5706950282836065,-0.06001305974881952,0.25050548333344247,0.1035109430594311,False
-0.5721536526507415,-1.4062767584294507,-1.3009599154998073,-0.565999048466941,0.3975298167390974,0.08560912610420064,0.525277327912985,0.8041462087519118,-0.2339356838336465,0.1380671609363889,-0.36365311737734585,
-5.551687405377775,1.8854984171914886,1.1578526039552124,0.9466776571060521,-1.1962135529936333,0.9771798994217186,-0.30313053566882997,0.2734387475522042,0.07357098008604286,0.09923715593741819,-0.12429921523053573,False
4.2127954737694875,3.8222907560000445,0.12832074126730944,-1.6318153275969656,0.1713933611691558,-0.5110007038252555,-1.2425348110116206,0.1323619512771967,0.18769423824005854,-0.1488741123455635,-0.5321981763992049,
4.349936550350618,2.4416392781518854,1.2527939927089613,1.1081915341712216,-0.8544368492431302,-0.062430491561699074,-1.0340169922816522,1.015773569108988,0.5484983769575222,-0.9342269966767766,-0.029713283983216675,True
2.7881109521283385,0.562236579496912,-0.37497640694043366,-0.7516465484334285,-0.22290364077265384,-1.1107108204734821,1.1064517582342779,-0.17510200471011503,-0.1354842665153657,-0.5064806493569214,0.3213367002052905,True
-0.20751036192771782,1.4812923534288476,2.918577270162083,-1.1986497444942448,-1.433812845777958,1.219591097424866,-0.06960239876620658,0.26810272866632623,0.4848411724594133,-0.18766134336917614,0.398275176772365,
2.6164287500452965,2.1148602170547557,1.2204064398849406,0.37547638215674417,0.5463611871356255,1.7524982248865062,-0.2564013946232358,0.48048010310275946,0.254468389918042,0.23099691826817023,0.5684411894318837,
0.025774093573224483,0.4820814256547443,1.2354574481596665,-0.15314716776120849,-2.807352160028275,0.06663511494523781,0.1703236668918242,-0.3592206669871862,-0.40738112461501097,-0.735424790599728,-0.5889388672222641,False
-0.48309999194484016,-1.5122043196498458,0.8588153982472966,1.1238165005652445,-0.24830002185085304,-1.8724838988354295,-0.041554030878476186,0.546955887773206,-0.18336927932735786,-0.28767016214649715,-0.056056456974836084,
-2.4301234999804686,1.0532935904030771,-0.19923486263223977,-0.5466090522585356,0.47220555179776713,-0.3380458389621781,-0.2514892342068322,-0.8325177140844938,0.11147408325813515,-0.5490457806007083,0.24186381356032707,False
-3.133032469192194,-0.005847041567984455,-0.12152671424045645,-0.949088134690324,0.8216443113268758,-0.49490909874129596,0.6840551474792139,0.06777121037611705,-0.31572555975917443,0.04104426361239621,-0.5003696954661697,
-2.658398803950297,-0.26084616173001873,1.6128582397075946,2.0017012898694997,0.30210329206801656,2.362572260775231,0.06737759841043686,0.10687526015571973,0.1297337739157512,-0.3572083673198551,0.03949872632408338,False
-1.6467622688715513,-0.14861865216931547,-1.8542042205807747,-0.6306174949889581,-0.07261891773743258,-0.6724687848830403,0.11337730376977367,-0.16465362827306748,-0.33668260385417376,0.6373944760114155,-0.04872676894103047,False
-0.3387293213888976,-1.8671789210478884,-1.2347088109918898,0.12831297722706433,-1.624066504683298,0.8463835335699659,-0.08392404578418397,-0.2962974321866728,0.38551252795290797,0.43642147501858813,0.6119877082424594,False
1.162012700534412,3.4202363283630963,-0.5643161364369647,-1.6368831752203397,0.2557663866201724,-1.0884253554588998,0.6360524244306185,0.5038226507349378,-0.5263590805031517,0.2656835540318098,0.257376223505619,False
-1.8463142591461543,0.07382823917197888,1.534347363224415,-1.3234281547943325,-1.550866814923195,0.21661724780069108,-0.14960318728126132,-0.44205927977116183,-0.25050848970155687,-0.39700918152636266,0.0694018775001902,False
-0.9800184086071526,1.9829341015574904,0.5035883701462054,-0.6084954660986103,0.8806738485600394,1.6048530740098628,0.27399700203007715,0.11354627364979995,0.9236854177978108,0.0788775238121012,-0.01808844688268813,
-1.8531235645420618,0.557107873211019,-0.9823401806092684,-0.8328262148041473,0.4846158073503072,0.8713444682214656,0.06864647193523497,-1.1369546130390094,0.7204427769865351,-0.34665685490109616,0.45617959024711896,True
0.7218292110249139,-1.9828011026321115,1.9394579647801993,-2.1253618258726306,1.5773109166354684,-1.8449393588168008,-0.08676496578023854,-2.6468293060366874,-0.30274513688929405,-0.39684972779464345,0.6037219192084264,
-0.4796194900991262,0.6865079950861178,-1.19878683844123,-1.4338157778488287,-1.5244161936575116,0.9876443376581614,0.19116312441890387,-0.10032698335096343,0.2923703587623276,-0.5131707359182133,0.6328102935510576,False
-0.3531654651169123,0.5291812733197255,-1.0181057921088061,-1.4809360930500992,-0.4581810291065208,-0.3873002076589939,0.5605223739298936,-0.6579078140988928,-0.2557128529268839,-0.509797309583047,-0.03773977935550985,True
-1.482041257832373,0.01711411585242204,-1.5917042868135711,-0.25901665438960186,0.02681645870759411,1.0870351441285464,0.21707277709138217,0.3019482696857621,-0.2554954570646861,-0.029614146622389797,0.10036993819997525,True
5.205529956258541,5.331620784767628,0.56634921348587,-0.699779892127,1.0768227375555635,-0.9285825943243906,-1.0087224750865444,-0.21704510254224313,-0.9641743082207673,-0.05533524753964662,0.39145974373655207,True
0.9230189209484436,1.5316401988383297,-1.0566794889917068,-0.3616356518601893,0.7360025470808754,-0.8350664109917822,0.4414039871717152,-0.47284118013472326,0.34984064236787193,0.27948814737998484,-0.11842433166589714,False
2.82161575942699,-0.5039358641263986,-3.0214646324106305,0.973466293322776,0.45828181374135135,-0.2632122617585794,0.46410521656788545,-0.3136267917422031,0.11089142027323529,0.32789057165423385,0.11277710053129932,
-2.970706848687825,0.07021359735433667,-1.1579770942690712,-0.472880291762385,-0.461294778351806,-0.12322814794843501,-0.34441475004109207,0.17792003982921514,0.05645392274905255,0.17912896303756679,0.2639291960031465,True
5.389957975797131,-0.6942520414470312,-2.077026998901756,3.5136144655550003,2.2616417352346696,-1.1929362183308354,0.204616914203295,-0.4107818907841882,-0.04215278793775496,0.5585793795811326,0.052259213036968004,False
-1.5096803537362715,-0.5518483895469131,-1.1621202497663996,0.3256056983825566,0.7048180012192115,0.8760135907099487,0.30054309254692646,-0.567936516639524,0.23361460199044354,0.40905943368971426,0.6819442311377112,False
-3.25634560059112,-0.23190978813947322,-1.23071825908032,-0.575513183621235,-1.784481246578029,0.1860581580278853,-0.5816576118022125,0.3253472470627782,0.047477439782985714,0.632702387784847,0.2918166527103562,False
0.16216906146465634,0.6099365526453063,1.0472101396705116,-0.4507219270026072,0.10916187968172007,-0.2805048438602454,1.4940384670255855,0.2349291279024036,0.04960292134699264,-0.8025914648735336,-0.6602377572634658,False
7.811354225410367,3.304007862113002,1.0994957769360014,-0.46862386558527913,-0.7951077742468587,-2.222862157967486,-1.113632381020609,0.2551853945443401,-0.3621004429186211,-0.9179029676111894,0.7149679604347043,False
5.9525835691392635,-0.24967643445224008,-0.8718946911921841,-0.07658266308320161,-2.922208610157334,-0.2540091784729325,0.8052932854388986,-0.5438750221968431,-0.3309825733654869,-1.0274577824758142,0.6240141622091224,True
-0.389369724785018,1.6259899570997416,0.7472791591069075,0.1875794366397224,2.58541343395501,4.854621743778832,0.8743030337713407,0.7613799473231246,-0.5010410513376086,0.5711130655459394,-0.7240015170153586,
-0.5354490172026913,0.9478805792944714,-0.7561229286739205,0.07697884774470808,-0.2866755932309976,0.23849416564318826,0.1181931029682822,-0.16386307384994547,0.39179738443215645,-0.6298455963081223,0.3441948552256059,False
2.534301287065618,0.4376340519199049,-1.5595948530449233,1.0765444974217184,-0.07453454852426707,0.493560928162892,-0.8361835142326017,-0.5925638169872146,0.1983024156440233,-0.27683910706738163,-0.41788779404857923,
-0.5007219566898887,3.2498754279963915,0.7517208432065425,-1.527213633505052,0.5428098296665443,1.577163056632063,0.4294376739393708,0.16601241825847496,0.5674821404550526,-0.02891629270605024,0.08635652890586763,False
6.206433174410666,-1.8659843153562923,-1.438464349051485,-1.1136546833262089,0.9946104728913561,-1.4427835499572286,-0.7127138636932594,-0.5682478184766273,0.9437725899351919,-0.49789904699165144,0.10990280004030506,
-3.9828167029811348,0.6366073883657848,-0.17248870706377264,-1.6522112182517705,-0.6442208682126757,-0.919624645717727,-0.5795707591796556,0.6415819195551201,0.2550051868444509,-0.16914629644167606,-0.2825098424769298,
8.192700631758843,-0.35768283227040376,2.389669518048107,0.25755585713552603,-0.5579555724772817,4.305025064596221,0.47412070926952915,1.4829477422266484,-0.915666293004905,-0.8808033871099228,-0.0031913292801597167,False
1.0596036938418316,-3.5518367301429894,1.4684666305280898,-1.9372729490943572,-3.428035683574047,-0.7835356884740455,-0.2726654909682398,0.19320343202889997,1.381901544417939,0.045862561180761215,0.7371072047876566,False
1.9760500034851418,1.689122269847503,1.5840379446112163,0.36299748153125855,1.0494878129353253,-1.2465559981475773,-0.23713731990662526,-1.2386930967411245,-0.572728460657778,0.8263193950532522,-0.31613944553870704,False
-2.5049935846288087,-2.311960100027965,-0.19874757987900493,0.05216328047732202,1.4792148852192675,-0.7724653685751116,0.7220591890984769,0.39766501293728823,1.0895092916578972,0.2294930916729369,1.4219657514136792,
-1.056931352360463,-1.1926401632229142,-0.8087289661195174,-0.39623505816513627,1.4467369992718402,-0.9158811218171657,0.2829777834188114,-0.2880666970309268,0.06363023897574303,0.06953184194793909,-0.3402428733138867,False
2.064964499423669,1.0023080286112007,0.5147753139741802,-0.8564067866187818,1.5869773599576713,0.6442549576722904,-1.8065919306078475,-0.6356787125113146,-0.08062872971763871,0.3345842760348046,-0.304072790248154,
0.9568851116228044,0.5018340053689814,0.42799071165992253,1.519624703259563,-0.41562886445167146,-0.5469431149278994,0.44242817863573236,-1.504583975202546,-0.18370492152406048,0.0687499664557099,0.3909440467553652,True
1.785780412213773,-0.9481146685898678,0.2235776130655071,-1.9807170277647572,0.8558176332372294,-0.64515785844848,0.10377818315436096,-0.6178969440549192,0.1634579496600013,-1.7095703002174159,-0.2550578523534453,True
3.9482472397797213,1.4477503481242708,-1.829061076752257,2.1992531303297214,-0.26988060477395265,0.23099943568242565,0.4006355062506066,0.2214795283202318,-0.3525412758345813,-0.013508393022435818,-0.16798394360335023,False
-2.0212883835112048,-1.2458697075097438,1.408815063697564,-2.027135497694998,-1.7247948928016734,-0.9817171160373447,0.2531099014748903,0.055617735849454675,-1.101113241547887,-0.15161920354705477,-0.888561161006875,False
-3.3717928293352273,0.24707209033956473,1.4055072354459572,3.046272088916239,-0.7691479899977186,-0.24335518926216476,0.12058508464373889,-0.2689076901065509,0.5542728955944249,-0.17050174059639908,-0.34060364243742525,False
-0.827779630853811,-1.7536865394157255,-0.16103589782959,-1.6490981634382187,-2.292113146279176,0.33822405004436135,-0.22912736679116014,0.7982582414702801,-0.2914046805469172,-0.48132255750574493,-0.2501854684372531,False
3.2158527115523143,-5.459048819056795,-0.47731926986284373,2.295470349034023,-1.8526747949221638,-0.37371444936911463,-0.6575396561089685,0.6980003280010554,0.6730299306863603,1.2425832098905838,1.3666018510480413,False
2.6539060117299695,1.1656388373484403,1.4599392705667296,0.4335474918016707,1.1411723296462892,-0.6350384436190777,0.49889789206000407,-0.02427704984061812,-0.10837688999716082,-0.4023472745977363,0.6825668907369004,False
-2.434106419797977,1.4762984260924397,1.4563599430137426,2.4833035378289265,-0.3776546549783623,0.07227757472552251,0.11378355989183442,-0.5892320893109634,0.2929259496631603,-0.5964837146669085,-0.7048822098138353,
-1.5252561645374332,-0.21530613923242647,-0.12021967561867326,0.1838243445941076,-0.7295465451731684,-0.8965214698234083,-0.6535184679167699,0.034110806262370376,0.28437254818835683,-0.3084116796940861,-0.4853054690671202,
2.286431240636742,5.004976887603942,1.884248035561293,2.7038706954282024,0.8200608819237194,-0.6728644773776482,-1.1332419615638456,0.708808244357688,0.9812619440111984,1.1383191877102328,-0.4663067464851358,False
1.873402954791563,-3.5974110401832733,4.189817253248531,-1.3100284074274624,0.36052540388771803,1.713097659725256,2.1638712123484787,-0.48454587673051025,1.8286030594824312,-1.9662582649165716,1.4639959811809455,False
0.005359683863555577,0.4174684742253175,-0.5482596114536306,-0.211872619438991,-1.4611627406485985,0.5124651765138951,-0.08021256329790706,-0.6128261757472871,0.18637791347484586,-0.42253777039089035,0.01204961532743678,False
0.5688097902111381,-1.4822967222940016,2.2732746347045527,-0.3099871736610017,-1.3841728730332246,1.5917385761717675,-1.1627727970852244,0.33887401549259355,-0.4905027654277697,-0.09036867262259052,0.029924700001997637,False
3.1056056964446856,0.6299650443166637,-0.2492360407151433,-0.0032126201618366316,-1.265130644857728,-0.27701590768563383,0.5946557831557042,-0.4604905232879413,-0.6939610094808127,-0.470419632616792,0.4109671352341225,
0.9319528886604015,-0.11241381445908412,0.23929990711484972,0.957173215514442,-0.2854003050324088,-0.8618603246346804,-0.00251865306172695,-0.7188253457586791,-0.12901321957953002,-0.22147025137246185,0.8516328682984808,False
-1.5654870042590927,1.376585681537047,0.40230817410935416,0.2924186311855813,-1.5623029406262534,0.04872611359028045,0.01227961054120993,-0.41956547038901426,-0.807556044094188,0.264431589959141,0.21720241470310067,True
0.1910867768575354,-2.4304959494871343,-0.10005827724640703,-0.004333870328347498,-0.23285515001697346,-0.9802746000575342,-0.13886431544998618,-0.05092153588541204,-0.20010872096280763,-0.14340811986719962,0.10256044889226497,False
-1.5071049084094879,-0.36844526624023716,-0.5839277483124418,0.7293558910397366,-0.36436817439053143,-1.291551719357214,0.09117570679391798,0.4565582349317497,0.6169566220439949,-0.07873623809460226,-0.11607065390419823,False
5.17277933319789,0.8844887319032105,-1.3810109332739757,1.5355356747987678,-1.7024891616632805,-0.40583177746036947,-0.9198064864398796,1.1716086067324734,-0.07172072766028849,-0.16769404354276993,0.6521504043496813,False
1.9101242342899891,-2.513142164726578,-0.104216878541867,2.2525912779994623,1.3252662773473385,-2.369446750412067,-0.016034116086813408,-0.5548773585106601,0.9668166205862476,-1.238265984817054,0.23471419433390994,
-4.263280859085542,-1.3614402084223158,0.696359789427494,0.039330496296468405,1.9736240427621345,1.2966921533430478,-0.5681477625131699,0.1469116498495287,-0.7168046528122405,0.33408465432845624,0.8822362702405618,
2.2899105676151925,2.9791989237246237,-0.6185820348164279,0.47216323624430917,-0.3506531942444695,1.5641027033782753,0.4019417812687653,0.48697019592685253,0.5481829873572684,0.5096245884253654,-0.21325378087008895,
-1.0565044845372342,-1.1722105542324492,0.524650311861038,1.1261442298467572,-0.1636065052727563,1.8152401872961952,-0.5790214398995001,-0.7410138560110623,0.45653601946438727,-0.13715439260489526,-0.8361245954079728,False
-2.8240153894602567,1.830707696243246,-0.2869666440315941,-0.3423860242936295,-0.9784557109605984,-0.08946416993832333,0.07795243782031477,-0.26445028396348924,-0.7907649429561939,0.12221707324033029,0.09140480541399838,
-1.8872862495672171,-5.869738135750531,2.1797700321299387,1.712407080070191,4.636129159028303,0.8546514686796443,-0.3226134752134926,2.2665855496462237,-1.1349402567210478,0.3273411153813885,0.7229702985771149,
-0.052888494975026595,0.4808815162055511,-0.6214760572830866,0.23670210997666172,-0.13168122736395274,-0.7740239629606857,0.492828282364657,-1.360443803354298,-0.2587742000343057,-0.2827599550828937,-0.03621467310718266,False
-1.8344213610633011,1.3815152698672728,-1.2857007451802398,-1.5755107965472623,-1.5453426329450068,0.657604579585264,-0.15414886559072394,0.012384498274830801,0.07996362753187962,-0.08469651597636119,0.4708895381778106,False
0.13673853132007863,3.6528739482558406,0.7311649554027235,-1.037257989147193,0.013473514588361034,-0.31393871027461423,-0.17757395387849237,0.2442709222562496,0.23363096545045015,-0.03807954225319604,-0.4480874754223477,
-1.4965486406501516,2.4480771063466586,0.9050011196467743,-1.0626681193712586,0.3635664815427896,-0.2639559177138421,1.4263613116794813,0.21263305754872772,-0.14200215330349505,-0.28750644896692285,-0.2623736369773534,
9.317868045891451,-3.0275041819104103,-3.477095611895119,3.9493220567902845,-3.6741005099767627,-0.44111361789593234,-1.2627285312650234,1.0130578356560367,-1.1318718808460047,0.54855928070421,1.0594625237858226,False
-2.522345391940566,-1.0947625599769453,-0.20013233810489434,0.3986254520879661,0.27455547045719475,-0.9894424186264144,-0.7117471507037769,0.02346894166501319,-0.15908900363682874,0.9316533919265263,-1.0334843330528403,False
-5.1493917435365715,-1.4948061348614565,3.9648924636503105,1.9353000522540498,0.9460394494110899,2.0807666235660442,-3.490316944846287,-2.481823140988423,-3.328736670933071,0.890310391095049,1.5533968277831047,False
-0.1022525768189286,-0.7610516409221262,2.320194171679857,2.5738759907458695,-1.4420837694548692,-1.6806275631230814,-0.19775361888941587,-1.220734254926125,-1.4656741091668886,0.46427721201282984,0.4323570008356464,False
,,,,,,,,,,,True
,,,,,,,,,,,True
,,,,,,,,,,,False
,,,,,,,,,,,False
,,,,,,,,,,,False
,,,,,,,,,,,False
,,,,,,,,,,,True
,,,,,,,,,,,False
,,,,,,,,,,,False
,,,,,,,,,,,False
,,,,,,,,,,,False
,,,,,,,,,,,False
,,,,,,,,,,,False
,,,,,,,,,,,False
,,,,,,,,,,,False
,,,,,,,,,,,True
,,,,,,,,,,,True
,,,,,,,,,,,False
,,,,,,,,,,,True
,,,,,,,,,,,False
,,,,,,,,,,,False
,,,,,,,,,,,False
,,,,,,,,,,,False
,,,,,,,,,,,False
,,,,,,,,,,,True
,,,,,,,,,,,False
,,,,,,,,,,,True
,,,,,,,,,,,True
,,,,,,,,,,,False
,,,,,,,,,,,False
,,,,,,,,,,,False
,,,,,,,,,,,False
,,,,,,,,,,,False
,,,,,,,,,,,False
,,,,,,,,,,,False
,,,,,,,,,,,False
,,,,,,,,,,,False
,,,,,,,,,,,False
,,,,,,,,,,,True
,,,,,,,,,,,False
,,,,,,,,,,,True
,,,,,,,,,,,False
,,,,,,,,,,,False
,,,,,,,,,,,False
,,,,,,,,,,,False
,,,,,,,,,,,True
,,,,,,,,,,,False
,,,,,,,,,,,False
,,,,,,,,,,,False
,,,,,,,,,,,False
,,,,,,,,,,,False
,,,,,,,,,,,True
,,,,,,,,,,,False
,,,,,,,,,,,False
,,,,,,,,,,,False
,,,,,,,,,,,False
,,,,,,,,,,,False
,,,,,,,,,,,False
,,,,,,,,,,,False
,,,,,,,,,,,False
,,,,,,,,,,,True
,,,,,,,,,,,False
,,,,,,,,,,,False
,,,,,,,,,,,True
,,,,,,,,,,,False
,,,,,,,,,,,False
,,,,,,,,,,,True
,,,,,,,,,,,True
,,,,,,,,,,,False
,,,,,,,,,,,False
,,,,,,,,,,,False
,,,,,,,,,,,False
,,,,,,,,,,,False
,,,,,,,,,,,False
,,,,,,,,,,,False
,,,,,,,,,,,True
,,,,,,,,,,,False
,,,,,,,,,,,False
,,,,,,,,,,,True
,,,,,,,,,,,False
,,,,,,,,,,,False
,,,,,,,,,,,False
,,,,,,,,,,,False
,,,,,,,,,,,True
,,,,,,,,,,,True
,,,,,,,,,,,False
,,,,,,,,,,,False
,,,,,,,,,,,True
,,,,,,,,,,,True
,,,,,,,,,,,False
,,,,,,,,,,,False
,,,,,,,,,,,False
,,,,,,,,,,,True
,,,,,,,,,,,False
,,,,,,,,,,,False
,,,,,,,,,,,True
,,,,,,,,,,,False
,,,,,,,,,,,False
,,,,,,,,,,,False
,,,,,,,,,,,False
,,,,,,,,,,,False
,,,,,,,,,,,False
,,,,,,,,,,,False
,,,,,,,,,,,False
,,,,,,,,,,,False
,,,,,,,,,,,False
,,,,,,,,,,,False
